,Turnover ;  Total (State) ;  Food retailing ;,Turnover ;  Total (State) ;  Household goods retailing ;,"Turnover ;  Total (State) ;  Clothing, footwear and personal accessory retailing ;",Turnover ;  Total (State) ;  Department stores ;,Turnover ;  Total (State) ;  Other retailing ;,"Turnover ;  Total (State) ;  Cafes, restaurants and takeaway food services ;",Turnover ;  Total (State) ;  Total (Industry) ;,Turnover ;  Total (State) ;  Food retailing ;,Turnover ;  Total (State) ;  Household goods retailing ;,"Turnover ;  Total (State) ;  Clothing, footwear and personal accessory retailing ;",Turnover ;  Total (State) ;  Department stores ;,Turnover ;  Total (State) ;  Other retailing ;,"Turnover ;  Total (State) ;  Cafes, restaurants and takeaway food services ;",Turnover ;  Total (State) ;  Total (Industry) ;,Turnover ;  Total (State) ;  Food retailing ;,Turnover ;  Total (State) ;  Household goods retailing ;,"Turnover ;  Total (State) ;  Clothing, footwear and personal accessory retailing ;",Turnover ;  Total (State) ;  Department stores ;,Turnover ;  Total (State) ;  Other retailing ;,"Turnover ;  Total (State) ;  Cafes, restaurants and takeaway food services ;",Turnover ;  Total (State) ;  Total (Industry) ;
Unit,$ Millions,$ Millions,$ Millions,$ Millions,$ Millions,$ Millions,$ Millions,$ Millions,$ Millions,$ Millions,$ Millions,$ Millions,$ Millions,$ Millions,$ Millions,$ Millions,$ Millions,$ Millions,$ Millions,$ Millions,$ Millions
Series Type,Original,Original,Original,Original,Original,Original,Original,Seasonally Adjusted,Seasonally Adjusted,Seasonally Adjusted,Seasonally Adjusted,Seasonally Adjusted,Seasonally Adjusted,Seasonally Adjusted,Trend,Trend,Trend,Trend,Trend,Trend,Trend
Data Type,FLOW,FLOW,FLOW,FLOW,FLOW,FLOW,FLOW,FLOW,FLOW,FLOW,FLOW,FLOW,FLOW,FLOW,FLOW,FLOW,FLOW,FLOW,FLOW,FLOW,FLOW
Frequency,Month,Month,Month,Month,Month,Month,Month,Month,Month,Month,Month,Month,Month,Month,Month,Month,Month,Month,Month,Month,Month
Collection Month,1,1,1,1,1,1,1,1,1,1,1,1,1,1,1,1,1,1,1,1,1
Series Start,Apr-1982,Apr-1982,Apr-1982,Apr-1982,Apr-1982,Apr-1982,Apr-1982,Apr-1982,Apr-1982,Apr-1982,Apr-1982,Apr-1982,Apr-1982,Apr-1982,Apr-1982,Apr-1982,Apr-1982,Apr-1982,Apr-1982,Apr-1982,Apr-1982
Series End,Oct-2017,Oct-2017,Oct-2017,Oct-2017,Oct-2017,Oct-2017,Oct-2017,Oct-2017,Oct-2017,Oct-2017,Oct-2017,Oct-2017,Oct-2017,Oct-2017,Oct-2017,Oct-2017,Oct-2017,Oct-2017,Oct-2017,Oct-2017,Oct-2017
No. Obs,427,427,427,427,427,427,427,427,427,427,427,427,427,427,427,427,427,427,427,427,427
Series ID,A3348591K,A3348600A,A3348609W,A3348618X,A3348627A,A3348636C,A3348582J,A3348594T,A3348603J,A3348612K,A3348621L,A3348630R,A3348639K,A3348585R,A3348597X,A3348606R,A3348615T,A3348624V,A3348633W,A3348642X,A3348588W
Apr-1982,1162.6,592.3,359.9,460.1,479.1,342.4,3396.4,1167.5,653.9,360.9,480.2,507.8,349.9,3520.3,1173.5,653.2,362.8,482.8,504.9,347.6,3524.8
May-1982,1150.9,629.6,386.6,502.6,486.1,342.1,3497.9,1178.5,648.7,362.7,489.4,502.3,346.3,3527.7,1182.1,654.4,362.0,484.5,504.8,346.4,3534.5
Jun-1982,1160.0,607.4,350.5,443.8,467.5,328.7,3357.8,1204.0,655.9,365.2,479.4,507.0,350.9,3562.3,1192.7,655.8,361.9,486.6,504.9,345.9,3547.5
Jul-1982,1206.4,632.4,359.3,459.1,491.1,338.5,3486.8,1211.0,660.9,362.2,476.8,503.8,341.7,3556.4,1203.1,656.6,361.7,488.7,505.4,345.5,3560.6
Aug-1982,1152.5,622.6,325.2,438.4,485.7,331.5,3355.9,1197.3,659.1,359.0,515.0,505.5,342.5,3578.3,1213.5,656.5,361.9,489.8,505.5,346.4,3573.1
Sep-1982,1189.1,622.0,346.3,465.1,489.9,341.9,3454.3,1217.8,661.2,363.6,484.8,506.6,346.4,3580.4,1223.3,655.3,363.3,488.7,506.3,348.6,3586.0
Oct-1982,1247.4,637.8,354.2,452.7,500.9,358.4,3551.5,1242.1,649.7,359.0,482.3,507.9,354.1,3595.1,1232.9,658.0,366.1,485.5,508.3,353.3,3605.0
Nov-1982,1280.7,717.2,403.9,522.9,531.1,374.7,3830.5,1260.5,658.0,375.2,488.4,509.6,360.2,3651.9,1244.7,667.4,370.7,483.2,513.4,358.7,3637.1
Dec-1982,1483.7,1077.0,571.4,889.3,725.2,433.1,5179.7,1244.8,670.3,375.7,478.6,517.8,361.6,3648.7,1258.0,681.5,376.2,484.1,518.9,364.2,3680.9
Jan-1983,1202.8,615.9,326.5,379.2,491.4,368.6,3384.5,1242.0,703.4,386.6,470.1,526.0,369.6,3697.6,1269.7,695.0,381.8,488.6,525.4,367.7,3729.8
Feb-1983,1224.2,621.7,298.7,378.0,499.1,348.1,3369.8,1312.4,712.6,379.2,502.9,536.6,378.0,3821.6,1281.3,707.1,386.2,495.7,530.5,368.8,3774.2
Mar-1983,1332.4,719.1,377.2,472.1,538.7,365.8,3805.3,1293.6,727.6,395.5,502.9,536.6,366.1,3822.4,1289.8,715.8,389.6,503.0,534.4,369.1,3808.5
Apr-1983,1270.9,633.4,412.5,503.4,493.8,351.1,3665.1,1302.2,723.5,424.0,537.3,536.4,364.7,3888.2,1298.8,717.3,392.3,507.7,538.9,368.7,3831.9
May-1983,1251.7,697.9,418.5,510.6,520.8,360.5,3760.0,1293.3,709.8,390.3,493.3,538.4,366.7,3791.8,1307.5,718.8,395.6,509.8,542.1,369.7,3848.9
Jun-1983,1269.3,661.8,383.0,462.4,507.3,347.1,3630.8,1309.8,714.2,396.4,505.1,546.5,369.6,3841.6,1316.8,717.8,399.2,510.2,546.5,371.1,3865.0
Jul-1983,1292.8,656.9,384.0,468.3,519.9,364.5,3686.5,1330.6,706.4,402.0,506.8,548.9,375.9,3870.6,1327.8,718.8,402.4,510.4,551.2,373.2,3885.0
Aug-1983,1337.0,711.0,379.9,458.2,554.2,376.0,3816.3,1347.9,732.8,406.1,515.8,559.3,379.0,3940.9,1341.7,722.4,405.0,511.5,556.4,375.1,3911.8
Sep-1983,1322.8,690.3,402.0,482.7,547.9,377.6,3823.4,1354.1,727.2,418.0,508.1,564.7,380.2,3952.3,1355.5,730.8,406.6,513.6,561.5,376.3,3942.0
Oct-1983,1355.4,714.6,395.8,485.3,553.5,374.1,3878.7,1362.6,740.0,406.3,526.1,565.5,372.3,3972.8,1365.4,737.8,408.2,515.6,565.9,377.3,3970.7
Nov-1983,1410.9,815.5,431.7,568.7,594.1,390.6,4211.5,1376.6,743.9,399.1,520.1,566.8,374.5,3981.0,1370.9,744.3,410.4,517.2,569.6,379.3,3996.1
Dec-1983,1642.3,1197.8,626.0,963.7,795.5,459.0,5684.3,1384.3,750.8,413.7,515.1,572.8,383.3,4020.0,1372.8,749.5,414.5,518.6,572.8,383.0,4018.9
Jan-1984,1314.5,684.2,357.6,414.7,538.8,388.8,3698.5,1369.1,771.5,421.1,509.5,576.8,391.3,4039.3,1373.4,751.2,420.0,520.9,575.8,388.7,4040.5
Feb-1984,1335.4,698.5,346.0,414.5,561.6,377.1,3733.2,1368.2,768.6,421.3,530.3,577.7,393.1,4059.2,1375.6,748.5,425.6,525.3,578.7,394.9,4061.8
Mar-1984,1388.8,746.0,419.0,484.7,574.6,397.8,4010.9,1364.9,774.0,444.4,534.9,583.3,401.7,4103.2,1380.9,747.9,429.9,532.1,582.2,400.3,4083.1
Apr-1984,1346.5,634.7,406.9,487.3,529.7,383.3,3788.4,1401.8,734.3,431.0,541.4,583.8,403.7,4096.0,1389.5,744.2,431.7,540.7,584.6,404.0,4102.6
May-1984,1404.3,755.0,480.9,597.9,590.1,414.0,4242.3,1400.9,741.6,431.8,547.3,589.5,411.6,4122.7,1399.4,742.6,431.3,550.2,586.5,406.3,4120.6
Jun-1984,1367.6,677.2,403.1,500.4,542.2,381.5,3872.1,1408.9,732.0,419.5,545.7,586.0,404.9,4097.0,1409.5,742.9,430.3,558.9,588.3,407.5,4139.1
Jul-1984,1361.6,708.7,411.9,543.4,559.4,393.0,3978.0,1427.6,763.2,434.3,593.0,595.7,408.8,4222.7,1418.7,745.9,430.0,565.8,591.3,408.2,4159.8
Aug-1984,1436.7,740.9,414.5,503.4,591.6,409.0,4096.1,1423.5,749.8,433.5,558.2,588.8,406.3,4160.1,1426.2,753.0,430.8,570.7,596.0,408.9,4183.6
Sep-1984,1355.6,679.0,392.1,522.8,557.2,394.7,3901.4,1427.8,751.2,429.1,578.9,596.7,408.8,4192.6,1434.4,760.0,433.3,574.4,600.3,410.4,4211.0
Oct-1984,1462.7,769.3,446.3,556.6,614.5,424.5,4274.0,1442.2,762.5,440.0,576.2,608.3,414.1,4243.3,1444.9,763.1,437.5,577.3,605.6,412.4,4240.7
Nov-1984,1501.4,859.3,484.8,623.2,651.8,436.5,4557.1,1457.6,775.9,442.9,578.0,617.7,416.2,4288.3,1456.4,765.0,442.1,580.2,610.5,415.2,4270.7
Dec-1984,1686.6,1174.6,638.8,1039.4,820.0,488.1,5847.5,1469.2,778.3,441.5,580.4,613.0,419.1,4301.4,1468.8,767.8,447.2,585.1,615.5,418.2,4303.3
Jan-1985,1484.7,703.0,401.6,516.3,598.9,425.6,4130.0,1489.3,764.3,455.2,596.0,618.7,419.2,4342.6,1480.4,774.5,452.8,593.3,618.6,421.4,4340.5
Feb-1985,1397.0,669.4,368.2,452.5,577.9,391.8,3856.8,1493.1,766.7,466.6,606.7,621.1,425.8,4379.9,1492.2,783.6,459.1,604.1,620.6,424.8,4384.0
Mar-1985,1495.0,742.2,418.3,525.8,599.6,416.1,4196.9,1497.5,793.0,459.6,604.0,624.3,427.7,4406.1,1504.5,793.1,465.6,615.2,623.3,428.9,4431.6
Apr-1985,1474.9,721.6,450.3,587.7,574.6,419.8,4228.9,1514.3,814.0,467.6,624.3,621.6,436.2,4478.0,1517.8,807.4,471.8,625.4,627.1,434.2,4483.1
May-1985,1556.8,855.8,540.1,700.3,639.9,446.2,4739.1,1535.2,831.3,480.9,655.6,632.5,440.4,4575.9,1533.8,818.7,477.4,633.2,632.8,439.9,4535.5
Jun-1985,1453.7,742.3,452.3,561.8,573.5,406.8,4190.3,1544.1,830.2,488.3,632.7,639.4,442.4,4577.1,1551.7,827.9,482.6,638.3,638.6,446.9,4586.1
Jul-1985,1558.6,799.9,476.4,602.8,628.6,448.5,4514.6,1589.5,834.1,486.2,636.1,647.8,455.0,4648.7,1570.4,837.1,488.3,640.9,644.6,454.7,4635.3
Aug-1985,1585.7,815.5,467.0,582.5,649.6,466.0,4566.3,1573.5,832.6,493.3,638.8,652.1,464.0,4654.2,1588.0,845.0,494.6,642.4,650.3,463.0,4684.2
Sep-1985,1518.0,776.8,452.6,563.1,614.7,455.2,4380.3,1606.6,850.7,489.9,645.8,656.1,470.6,4719.8,1604.2,855.0,501.1,644.5,656.7,471.0,4733.8
Oct-1985,1655.7,881.3,522.9,637.1,667.0,493.6,4857.7,1627.8,864.6,509.2,648.6,657.5,481.2,4788.8,1618.5,866.9,506.0,647.2,664.1,477.6,4779.4
Nov-1985,1667.3,973.2,557.3,697.1,704.6,505.6,5105.0,1623.9,890.7,519.6,643.9,670.0,484.4,4832.6,1630.7,875.6,507.9,648.5,669.7,483.1,4814.3
Dec-1985,1867.3,1351.7,749.7,1187.5,908.1,563.9,6628.2,1646.8,895.1,515.1,651.4,680.9,485.9,4875.2,1642.0,877.8,507.1,649.0,676.0,487.3,4839.3
Jan-1986,1674.4,812.6,447.0,570.5,666.1,504.3,4674.9,1652.8,870.7,498.4,663.7,681.8,493.6,4860.9,1654.6,878.6,505.1,648.2,681.1,491.7,4860.4
Feb-1986,1558.5,763.6,399.4,478.2,641.5,452.9,4294.1,1667.2,875.1,505.7,647.4,692.1,492.8,4880.3,1668.4,881.1,503.7,647.9,686.6,497.2,4885.1
Mar-1986,1676.6,768.0,419.6,547.4,636.2,480.3,4528.0,1679.6,861.6,480.7,624.9,679.5,500.7,4826.9,1684.3,885.4,504.5,649.2,692.4,504.1,4919.7
Apr-1986,1643.7,827.0,504.5,594.3,662.4,497.2,4729.0,1694.3,898.4,510.7,643.5,701.2,511.5,4959.6,1702.3,893.9,508.1,653.5,698.7,511.8,4967.8
May-1986,1746.5,935.1,588.2,751.6,709.8,530.8,5261.9,1725.6,918.4,534.4,705.7,708.6,528.6,5121.2,1720.5,905.1,513.8,661.3,704.0,519.8,5024.8
Jun-1986,1638.5,833.6,485.7,553.4,641.8,484.8,4637.8,1751.0,923.0,518.0,632.1,712.4,524.4,5060.9,1736.2,917.5,518.8,670.5,710.5,528.4,5080.2
Jul-1986,1721.8,878.2,507.2,663.2,692.9,526.3,4989.5,1744.1,907.8,512.0,689.9,712.0,531.1,5097.0,1749.0,922.1,522.3,678.9,716.2,535.5,5125.2
Aug-1986,1720.9,898.1,484.5,581.1,700.8,538.4,4923.8,1755.6,944.6,530.6,687.5,722.6,548.0,5188.9,1757.6,923.8,524.3,685.0,722.2,541.9,5155.8
Sep-1986,1705.7,862.3,496.9,661.9,698.1,537.4,4962.2,1770.5,918.2,523.0,705.5,726.0,546.3,5189.4,1765.0,923.0,525.1,688.5,727.6,546.8,5176.7
Oct-1986,1816.4,950.6,545.5,665.6,756.7,570.4,5305.1,1763.4,918.6,522.0,684.5,737.4,550.9,5176.7,1772.5,922.4,525.6,691.4,733.0,551.6,5195.9
Nov-1986,1774.7,968.2,545.8,700.9,750.1,563.8,5303.5,1787.7,920.0,530.4,669.0,736.6,555.1,5198.7,1782.7,922.3,526.5,694.8,738.0,556.2,5219.9
Dec-1986,2073.6,1414.0,804.4,1367.9,1017.0,663.2,7340.0,1782.8,917.1,536.2,715.1,741.6,559.2,5252.0,1794.7,923.2,527.7,698.2,743.8,559.8,5247.4
Jan-1987,1830.7,861.1,461.1,613.9,726.9,571.6,5065.3,1808.4,928.9,518.9,705.5,753.2,563.5,5278.4,1807.6,925.2,528.5,700.4,751.3,562.7,5275.5
Feb-1987,1710.1,812.5,417.6,513.2,701.3,525.1,4679.8,1831.2,931.0,528.4,702.2,759.7,570.9,5323.6,1819.0,928.7,530.9,704.1,758.5,565.9,5306.8
Mar-1987,1791.0,862.3,479.3,599.9,716.8,543.6,4993.0,1834.1,939.1,538.2,711.5,757.3,564.1,5344.4,1829.6,934.6,535.3,709.0,766.5,568.3,5342.0
Apr-1987,1824.4,846.8,528.6,674.1,733.9,558.1,5166.0,1828.3,936.9,539.7,707.6,782.6,571.5,5366.5,1838.1,938.8,541.7,714.8,774.2,572.0,5380.7
May-1987,1823.3,933.6,585.4,714.0,764.8,565.1,5386.3,1848.2,945.0,552.6,709.7,781.5,576.0,5412.9,1845.7,948.1,550.6,720.4,782.5,576.9,5423.9
Jun-1987,1761.9,886.2,529.5,670.5,728.4,542.3,5118.9,1855.4,951.4,551.5,722.8,789.2,576.6,5446.9,1852.8,958.7,560.1,724.9,789.5,582.8,5470.6
Jul-1987,1856.9,958.9,579.7,720.9,779.7,598.6,5494.6,1851.3,976.9,575.0,760.6,792.3,598.4,5554.3,1861.1,977.2,568.9,727.2,794.9,590.4,5519.2
Aug-1987,1821.0,938.2,518.6,601.6,773.7,583.7,5236.7,1880.1,997.5,574.7,723.1,803.8,598.0,5577.0,1873.7,993.4,574.0,726.9,799.4,596.9,5564.2
Sep-1987,1830.0,953.0,563.1,672.3,783.9,592.7,5395.1,1883.5,1008.4,585.9,713.4,804.2,599.5,5594.8,1886.0,1009.7,575.8,725.9,802.0,603.2,5601.3
Oct-1987,1942.4,1058.8,596.6,709.1,814.1,623.3,5744.4,1889.8,1032.5,577.7,720.3,801.3,606.1,5627.7,1896.5,1020.7,575.6,725.8,803.8,607.2,5629.6
Nov-1987,1885.9,1084.6,587.2,743.2,822.0,621.9,5745.0,1915.6,1030.6,569.0,719.4,804.6,612.7,5651.9,1905.3,1029.1,575.2,728.0,805.1,609.4,5652.8
Dec-1987,2272.4,1576.1,864.5,1460.1,1109.6,739.8,8022.4,1935.4,1033.0,570.8,738.8,811.0,623.2,5712.2,1913.8,1037.1,576.5,733.7,804.7,610.9,5677.7
Jan-1988,1885.1,938.9,487.0,631.0,757.4,605.0,5304.4,1904.2,1032.4,559.1,758.2,801.1,603.8,5658.9,1922.8,1046.9,579.4,741.9,808.1,613.9,5711.5
Feb-1988,1845.2,968.3,502.6,551.1,773.5,586.1,5226.8,1911.4,1065.5,612.7,738.8,810.2,612.4,5751.0,1934.9,1055.9,584.7,749.8,812.4,618.9,5756.1
Mar-1988,2021.6,1035.6,551.0,678.1,818.0,625.3,5729.7,1950.7,1070.8,592.7,748.5,820.3,623.1,5806.1,1947.4,1067.6,589.8,754.8,819.3,627.5,5807.1
Apr-1988,1937.5,945.3,563.1,715.7,753.7,611.9,5527.3,1982.8,1062.3,588.5,765.9,824.0,640.6,5864.0,1960.0,1080.3,594.9,756.9,828.2,638.8,5859.3
May-1988,1907.0,1074.9,619.6,740.8,814.9,630.5,5787.8,1980.9,1102.2,596.5,764.1,842.2,650.9,5936.8,1972.2,1091.1,600.7,756.9,837.5,650.1,5908.7
Jun-1988,1925.7,1053.6,601.6,722.0,800.8,635.5,5739.2,1985.3,1110.5,608.0,756.8,852.9,663.8,5977.4,1984.3,1096.7,608.5,756.8,847.6,659.2,5953.0
Jul-1988,1932.6,1045.1,592.7,683.5,810.1,658.7,5722.7,1976.7,1100.4,611.2,752.1,856.3,672.1,5968.9,1998.8,1097.4,617.5,758.6,857.0,662.8,5992.5
Aug-1988,1977.6,1073.4,578.0,650.9,850.9,656.4,5787.3,2008.0,1102.9,624.6,753.3,866.8,664.9,6020.6,2018.8,1098.4,627.3,763.5,866.1,662.7,6037.1
Sep-1988,2035.2,1040.7,641.7,723.3,845.5,660.0,5946.3,2049.9,1083.8,653.1,764.8,868.4,659.2,6079.1,2043.5,1102.6,637.1,770.0,878.8,663.1,6094.5
Oct-1988,2050.7,1092.9,650.2,729.6,872.1,670.2,6065.8,2075.3,1099.0,653.1,783.6,889.9,665.9,6166.8,2071.8,1113.3,644.6,777.0,891.6,664.8,6162.1
Nov-1988,2109.5,1210.9,664.4,870.3,945.0,670.8,6470.9,2100.5,1124.4,633.6,794.9,904.3,653.9,6211.6,2099.5,1127.3,650.1,782.3,904.7,672.0,6234.5
Dec-1988,2549.7,1714.8,956.3,1570.0,1321.2,773.9,8885.8,2133.5,1155.2,637.4,790.6,924.2,668.2,6309.1,2122.1,1147.6,653.6,783.7,916.0,682.2,6301.7
Jan-1989,2056.1,1089.2,598.0,631.5,872.7,732.8,5980.3,2135.3,1197.7,684.4,779.0,941.5,721.0,6458.9,2139.0,1165.7,655.7,781.6,923.6,693.8,6356.8
Feb-1989,1990.2,1021.5,517.0,552.0,832.7,660.7,5574.1,2136.2,1161.8,652.5,761.4,913.8,713.4,6339.2,2152.2,1179.7,656.1,778.7,930.7,707.4,6400.9
Mar-1989,2261.2,1107.0,593.0,719.0,905.5,713.2,6299.0,2157.2,1176.2,652.1,787.9,930.9,716.9,6421.0,2163.7,1187.6,655.8,778.1,936.3,718.1,6438.3
Apr-1989,2104.6,1089.0,632.3,697.6,858.2,693.9,6075.7,2197.5,1200.4,655.4,780.3,941.2,719.2,6494.0,2178.6,1193.5,655.2,781.7,940.7,727.1,6475.7
May-1989,2139.0,1203.6,679.5,764.8,940.9,710.0,6437.8,2173.8,1203.1,641.7,773.7,956.0,726.7,6474.9,2196.3,1196.8,653.6,788.5,948.2,735.3,6518.0
Jun-1989,2170.3,1151.9,661.4,786.3,885.8,721.7,6377.4,2215.9,1204.9,663.2,808.3,954.5,750.2,6597.0,2216.3,1201.2,652.7,796.5,955.6,742.6,6565.0
Jul-1989,2163.1,1135.8,634.6,715.1,897.7,741.3,6287.5,2245.6,1201.5,658.3,806.1,959.8,761.0,6632.3,2236.7,1206.8,653.5,803.8,964.5,751.1,6616.7
Aug-1989,2255.1,1161.5,603.0,723.8,947.4,745.5,6436.4,2257.8,1191.2,646.4,815.4,965.2,753.3,6629.3,2256.6,1212.9,655.5,809.8,971.7,761.6,6669.0
Sep-1989,2262.6,1174.0,636.3,757.9,967.7,766.9,6565.5,2293.1,1227.3,659.9,809.6,993.5,771.1,6754.5,2274.8,1218.3,657.4,813.9,979.3,772.6,6717.2
Oct-1989,2221.7,1217.4,651.2,751.7,969.8,793.7,6605.4,2270.1,1223.0,653.5,806.3,988.9,789.7,6731.5,2291.9,1220.9,659.0,816.3,987.1,785.4,6762.1
Nov-1989,2327.5,1351.2,709.5,923.8,1034.8,807.5,7154.3,2284.2,1252.7,667.7,828.8,982.6,780.0,6796.0,2308.0,1222.7,659.8,817.3,996.9,799.5,6800.6
Dec-1989,2788.4,1714.2,964.7,1569.4,1415.0,942.7,9394.4,2371.7,1208.3,661.0,818.4,1006.1,822.2,6887.6,2322.6,1214.4,659.9,817.0,1006.2,811.4,6831.2
Jan-1990,2277.4,1128.5,604.5,678.2,965.4,857.5,6511.6,2315.6,1192.0,665.7,816.9,1015.2,836.2,6841.5,2337.1,1207.6,660.4,817.0,1011.7,823.6,6857.5
Feb-1990,2185.3,1048.0,516.7,586.2,930.4,764.4,6031.0,2353.3,1192.1,649.8,810.3,1026.2,823.7,6855.5,2351.8,1200.5,660.5,817.2,1016.7,831.4,6880.6
Mar-1990,2439.5,1148.2,604.4,726.8,990.1,840.3,6749.3,2364.7,1194.6,659.4,821.7,1022.1,842.0,6904.5,2367.0,1200.9,661.8,818.6,1023.1,834.8,6905.3
Apr-1990,2286.0,1083.7,635.3,744.1,922.4,804.6,6476.1,2374.8,1210.2,668.2,820.3,1016.7,834.8,6925.1,2381.9,1202.3,664.9,821.7,1025.8,836.5,6933.2
May-1990,2382.9,1211.6,712.9,815.5,1016.2,808.9,6947.9,2391.2,1213.8,669.3,811.5,1035.6,825.7,6947.2,2394.3,1206.8,669.0,825.9,1027.9,836.8,6958.9
Jun-1990,2361.9,1160.4,664.7,832.4,940.5,799.0,6758.9,2425.7,1214.0,674.2,853.0,1016.6,838.7,7022.3,2404.6,1207.3,672.8,829.5,1028.3,836.0,6979.1
Jul-1990,2302.9,1136.2,647.9,710.3,961.2,815.0,6573.5,2417.5,1197.7,673.9,817.3,1030.9,840.2,6977.4,2413.9,1205.1,675.5,831.1,1029.0,834.0,6988.5
Aug-1990,2469.0,1186.0,639.4,759.4,1029.4,828.0,6911.2,2425.3,1200.9,680.6,845.5,1036.6,836.5,7025.5,2422.6,1196.6,676.7,830.2,1025.0,831.4,6987.5
Sep-1990,2307.8,1111.3,636.0,741.1,980.6,812.4,6589.3,2412.6,1196.2,680.8,824.0,1025.3,822.3,6961.2,2436.4,1191.5,677.0,827.9,1020.7,827.2,6985.7
Oct-1990,2442.4,1215.3,682.8,786.6,1042.9,833.0,7002.9,2440.9,1179.6,669.2,814.0,1031.2,821.6,6956.6,2454.8,1189.2,677.4,825.2,1013.2,826.3,6991.8
Nov-1990,2553.4,1277.0,722.3,931.5,1066.6,851.5,7402.3,2484.6,1186.2,679.2,827.3,1012.9,821.2,7011.4,2477.1,1193.5,678.6,823.5,1006.9,825.0,7009.8
Dec-1990,2887.2,1659.5,985.8,1563.1,1373.0,945.7,9414.4,2499.4,1194.9,681.0,826.3,987.7,828.2,7017.6,2499.7,1199.8,681.2,824.4,1004.1,825.8,7038.9
Jan-1991,2551.9,1147.3,635.7,694.0,946.6,861.7,6837.2,2551.3,1204.5,681.8,817.3,998.6,832.5,7086.0,2517.9,1208.0,683.7,824.9,1005.2,824.9,7065.9
Feb-1991,2341.5,1094.5,551.5,604.7,921.3,771.1,6284.6,2520.9,1241.8,691.5,834.6,1022.6,830.4,7141.8,2526.8,1214.9,685.9,824.0,1008.9,825.8,7085.3
Mar-1991,2593.6,1133.5,603.0,719.2,975.4,813.3,6837.9,2537.2,1219.6,687.0,821.9,1020.8,819.5,7105.9,2533.0,1217.4,688.6,823.4,1016.4,827.3,7104.5
Apr-1991,2402.9,1136.3,686.3,748.2,938.5,797.4,6709.5,2516.0,1222.0,699.9,837.9,1021.8,824.8,7122.5,2538.9,1216.9,691.5,823.6,1027.5,829.2,7128.8
May-1991,2584.5,1205.3,735.1,828.2,1018.0,820.6,7191.7,2551.1,1198.0,687.3,816.8,1027.4,837.5,7118.1,2550.2,1218.5,695.4,826.8,1036.5,834.1,7167.1
Jun-1991,2410.0,1110.0,651.6,746.9,955.1,801.3,6674.9,2543.6,1200.9,674.9,782.1,1052.5,847.1,7101.0,2567.1,1224.6,700.1,832.7,1045.8,844.0,7222.4
Jul-1991,2540.0,1220.1,722.7,794.5,1040.2,829.4,7147.0,2609.5,1245.7,737.8,894.7,1084.8,851.6,7424.2,2587.4,1234.1,705.4,839.8,1053.4,858.9,7287.4
Aug-1991,2684.0,1231.6,664.8,770.4,1058.4,853.5,7262.7,2629.0,1264.0,712.1,843.9,1083.1,867.2,7399.2,2605.5,1242.6,709.6,846.7,1060.5,876.9,7350.1
Sep-1991,2452.1,1165.6,648.6,741.5,1008.2,882.0,6898.1,2594.9,1241.2,696.7,846.5,1049.3,891.9,7320.5,2617.3,1250.9,713.4,852.6,1063.7,892.5,7396.1
Oct-1991,2679.6,1312.5,753.0,858.6,1081.9,938.9,7624.4,2635.6,1270.6,729.4,862.2,1068.2,918.6,7484.7,2623.2,1251.5,717.0,856.4,1067.5,904.0,7420.4
Nov-1991,2693.4,1343.1,740.7,944.7,1128.7,953.8,7804.4,2636.7,1252.1,707.8,842.1,1069.4,928.0,7436.2,2627.0,1247.5,720.1,858.1,1069.3,911.2,7432.9
Dec-1991,2984.8,1660.7,1046.5,1600.3,1473.1,1048.3,9813.7,2620.8,1216.2,725.0,864.9,1064.1,919.9,7410.9,2633.7,1244.3,723.6,858.9,1074.3,916.6,7450.4
Jan-1992,2684.5,1203.5,695.3,740.0,1043.7,938.3,7305.3,2634.0,1239.1,732.8,866.3,1089.7,902.1,7464.1,2645.7,1245.4,727.9,861.6,1082.0,919.9,7484.3
Feb-1992,2562.4,1143.3,611.4,665.9,1003.6,861.5,6848.2,2645.8,1251.7,736.6,871.2,1082.2,895.3,7482.9,2665.0,1255.2,733.1,866.3,1089.7,926.2,7534.0
Mar-1992,2643.1,1199.5,645.5,701.5,1038.9,936.1,7164.6,2704.7,1273.7,729.1,853.7,1095.6,943.6,7600.5,2685.7,1264.2,736.4,869.0,1092.9,931.0,7580.6
Apr-1992,2707.1,1206.7,721.6,831.4,1036.8,932.0,7435.5,2718.9,1301.5,733.3,870.5,1110.1,949.9,7684.0,2706.5,1273.9,737.4,870.1,1091.2,935.2,7613.0
May-1992,2697.5,1228.4,769.2,878.6,1048.2,929.4,7551.4,2723.6,1267.5,745.9,885.0,1088.5,961.0,7671.5,2724.2,1275.5,735.5,869.3,1087.2,935.9,7626.9
Jun-1992,2584.2,1199.3,721.0,826.0,981.7,868.5,7180.7,2734.1,1262.8,733.7,874.2,1071.6,920.9,7597.3,2735.7,1279.2,731.1,869.0,1082.2,929.3,7626.2
Jul-1992,2754.7,1278.9,729.6,788.2,1044.4,891.3,7487.0,2744.4,1293.3,735.2,861.4,1077.3,905.7,7617.4,2741.7,1282.0,725.6,869.9,1079.7,922.2,7621.4
Aug-1992,2670.5,1194.8,633.8,723.6,1021.1,875.5,7119.3,2733.6,1265.3,704.3,850.7,1067.6,902.2,7523.7,2743.3,1288.9,720.2,872.1,1083.0,914.6,7623.6
Sep-1992,2665.6,1260.6,668.4,819.8,1077.5,914.1,7406.0,2754.5,1302.3,703.6,884.1,1092.5,919.3,7656.4,2744.5,1297.9,716.1,875.5,1092.6,911.0,7638.2
Oct-1992,2858.5,1379.7,747.9,902.5,1121.8,935.7,7946.1,2755.1,1334.3,723.7,887.2,1109.6,913.8,7723.7,2748.2,1311.4,714.6,880.0,1102.1,909.9,7664.7
Nov-1992,2700.6,1382.2,734.0,968.6,1169.8,931.8,7887.0,2749.5,1324.1,720.5,906.6,1126.3,911.5,7738.6,2755.0,1322.7,713.9,884.7,1109.5,909.3,7693.7
Dec-1992,3221.5,1817.1,1060.3,1650.9,1584.1,1045.8,10379.6,2738.0,1307.4,710.6,852.3,1118.1,907.0,7633.4,2765.3,1334.3,711.9,887.6,1111.7,904.9,7718.5
Jan-1993,2789.1,1292.7,663.8,762.1,1030.4,917.8,7455.9,2789.4,1363.6,711.7,910.0,1101.8,894.0,7770.5,2780.5,1348.7,708.3,890.9,1115.7,898.5,7741.0
Feb-1993,2610.6,1190.4,568.3,643.0,982.5,838.1,6833.0,2811.0,1345.8,707.2,886.1,1099.3,905.2,7754.6,2798.3,1357.9,704.5,894.8,1119.1,890.4,7765.1
Mar-1993,2795.8,1346.6,634.5,754.1,1096.6,869.8,7497.4,2812.2,1383.1,702.1,898.1,1131.3,869.3,7796.0,2816.4,1365.6,701.6,897.8,1124.1,883.0,7789.1
Apr-1993,2832.7,1274.5,668.0,840.7,1061.8,862.1,7539.8,2831.5,1374.8,677.7,888.7,1141.1,877.6,7791.4,2830.4,1371.1,701.7,898.3,1129.6,879.7,7811.1
May-1993,2773.6,1324.2,723.0,906.6,1095.7,852.1,7675.2,2843.5,1376.2,709.5,911.6,1147.9,880.0,7868.8,2838.9,1374.4,704.3,894.9,1135.1,878.4,7825.0
Jun-1993,2714.1,1308.6,711.5,887.1,1059.0,827.6,7507.9,2843.9,1364.5,722.7,930.8,1137.0,876.9,7875.7,2842.6,1374.4,707.0,889.6,1142.5,881.3,7834.5
Jul-1993,2876.2,1345.9,702.8,771.5,1095.6,882.3,7674.2,2859.6,1376.0,711.7,830.6,1143.6,896.8,7818.3,2844.7,1377.4,709.2,884.7,1149.4,887.0,7852.9
Aug-1993,2734.0,1300.5,639.9,728.7,1091.6,866.9,7361.4,2825.0,1377.7,707.4,872.6,1140.2,892.9,7815.7,2848.7,1389.3,709.8,882.5,1160.4,896.8,7887.1
Sep-1993,2805.7,1366.1,678.3,844.7,1165.8,904.9,7765.5,2852.6,1406.5,705.4,891.5,1177.7,903.8,7937.4,2855.1,1401.6,709.0,882.3,1174.6,908.7,7935.8
Oct-1993,2901.8,1438.0,703.9,886.9,1201.7,931.2,8063.3,2858.1,1421.6,699.7,900.7,1198.8,916.9,7995.8,2864.1,1418.5,708.1,885.5,1190.7,921.7,7998.9
Nov-1993,2872.4,1532.2,746.5,970.0,1285.1,963.0,8369.3,2896.5,1447.0,722.0,900.2,1226.5,941.4,8133.6,2876.4,1436.1,708.8,890.8,1206.2,937.0,8068.0
Dec-1993,3433.4,2011.8,1089.7,1710.5,1786.0,1099.5,11130.8,2893.0,1442.9,731.1,884.1,1244.8,957.3,8153.3,2889.5,1450.6,713.4,896.5,1216.5,951.8,8132.4
Jan-1994,2834.4,1373.4,665.3,745.7,1127.3,984.5,7730.6,2873.4,1449.3,713.5,885.3,1213.4,960.2,8095.1,2901.3,1460.1,718.8,902.9,1222.9,964.6,8184.1
Feb-1994,2724.2,1325.1,579.3,664.4,1100.6,901.6,7295.2,2930.5,1497.0,718.2,916.8,1238.7,974.5,8275.6,2912.6,1469.7,722.7,908.6,1227.8,972.6,8220.6
Mar-1994,3048.7,1451.4,685.9,821.5,1217.5,1015.2,8240.1,2940.9,1463.5,736.4,927.9,1234.4,989.9,8293.1,2922.7,1476.4,723.9,913.9,1233.2,976.6,8249.4
Apr-1994,2837.4,1334.8,709.4,831.7,1123.0,939.1,7775.5,2918.0,1475.2,734.9,904.7,1231.6,973.3,8237.8,2935.8,1484.8,722.7,917.0,1242.0,979.1,8281.2
May-1994,2848.7,1443.6,731.6,908.0,1187.7,941.4,8061.2,2948.1,1498.0,720.6,934.8,1247.4,972.4,8321.3,2952.6,1492.6,720.8,918.5,1253.2,982.0,8324.4
Jun-1994,2869.9,1456.0,695.9,912.6,1187.9,934.8,8057.1,2965.1,1504.6,703.8,938.8,1269.2,983.3,8364.8,2972.9,1501.4,721.0,919.9,1264.3,985.1,8381.4
Jul-1994,2953.3,1427.8,682.5,782.9,1216.9,1013.3,8076.6,3002.2,1485.7,710.2,863.6,1277.8,1036.4,8376.0,2995.9,1510.0,724.2,922.6,1274.1,1032.8,8444.9
Aug-1994,2964.7,1503.1,677.3,798.8,1261.3,1017.5,8222.7,3022.2,1550.8,736.8,935.0,1288.1,1038.4,8571.3,3020.0,1512.6,729.5,926.3,1283.2,1037.0,8506.0
Sep-1994,3013.5,1475.2,722.3,887.0,1271.9,1040.7,8410.6,3050.2,1515.4,747.5,953.3,1291.4,1044.7,8602.5,3043.9,1517.3,735.9,929.6,1287.0,1040.4,8557.6
Oct-1994,3081.6,1508.7,748.2,934.6,1303.5,1061.8,8638.4,3074.4,1502.8,750.7,949.5,1313.8,1044.5,8635.8,3065.6,1514.8,741.0,930.7,1287.7,1042.8,8593.3
Nov-1994,3082.7,1616.5,773.9,1000.4,1363.0,1070.2,8906.7,3071.3,1522.0,744.3,918.7,1286.2,1045.8,8588.3,3086.9,1516.0,745.2,930.4,1287.0,1045.1,8620.9
Dec-1994,3700.0,2058.9,1092.1,1817.5,1827.4,1188.3,11684.1,3110.0,1500.2,731.2,924.7,1288.6,1040.0,8594.8,3109.6,1519.2,748.5,930.3,1289.2,1049.7,8653.2
Jan-1995,3063.0,1463.9,703.5,752.4,1209.3,1076.3,8268.3,3133.1,1535.8,750.2,908.8,1299.8,1057.2,8685.0,3133.4,1529.8,752.5,931.3,1294.2,1057.5,8701.7
Feb-1995,2949.1,1373.3,615.7,682.5,1148.1,981.6,7750.3,3172.2,1552.9,763.1,945.1,1295.6,1063.3,8792.3,3161.6,1547.8,757.2,934.6,1302.3,1068.0,8771.0
Mar-1995,3244.4,1533.7,702.4,811.2,1266.3,1098.9,8656.9,3177.8,1562.4,760.6,946.0,1309.7,1086.5,8843.1,3192.2,1568.8,762.3,942.3,1314.5,1079.5,8856.4
Apr-1995,3151.0,1420.6,755.9,906.0,1213.2,1067.8,8514.5,3219.5,1580.8,788.1,965.0,1326.8,1091.8,8972.1,3223.8,1585.4,766.4,950.3,1330.2,1090.3,8944.6
May-1995,3200.0,1576.3,766.0,927.2,1307.7,1083.3,8860.4,3269.3,1595.6,748.3,944.0,1351.0,1108.1,9016.2,3254.5,1599.7,768.2,955.9,1345.0,1099.6,9025.8
Jun-1995,3179.6,1607.5,761.4,906.8,1267.7,1045.0,8767.9,3284.4,1646.6,774.4,955.6,1360.0,1100.9,9121.8,3283.3,1613.3,769.2,957.9,1361.1,1107.9,9092.9
Jul-1995,3212.0,1545.7,726.7,880.6,1302.7,1094.4,8762.1,3306.2,1614.5,761.7,953.6,1375.4,1114.9,9126.3,3312.9,1621.1,769.6,957.3,1372.7,1116.2,9149.0
Aug-1995,3342.3,1550.8,727.6,873.9,1360.0,1109.7,8964.4,3340.0,1605.9,776.3,985.9,1382.2,1120.5,9210.8,3341.3,1623.3,771.7,956.5,1381.7,1126.0,9198.9
Sep-1995,3301.7,1583.0,751.6,856.8,1377.1,1126.1,8996.2,3360.4,1633.3,781.4,930.5,1402.0,1138.6,9246.2,3366.6,1621.1,774.6,957.5,1387.2,1137.5,9245.1
Oct-1995,3369.8,1622.6,769.4,920.6,1365.9,1166.5,9214.9,3390.0,1616.2,772.4,962.8,1378.5,1150.8,9270.7,3388.3,1620.3,778.5,960.0,1390.6,1149.5,9287.1
Nov-1995,3485.3,1705.5,813.6,1067.4,1461.4,1194.3,9727.5,3418.4,1606.3,776.9,950.6,1377.2,1163.7,9293.1,3402.7,1617.3,782.5,963.4,1392.3,1161.0,9324.7
Dec-1995,3996.9,2212.4,1156.5,1857.2,1987.4,1314.7,12525.0,3436.3,1638.9,789.1,976.9,1409.6,1167.5,9418.3,3413.8,1619.2,785.2,966.5,1394.3,1170.4,9354.1
Jan-1996,3357.2,1580.7,754.8,833.1,1345.6,1213.1,9084.7,3391.3,1615.9,792.7,985.7,1415.6,1183.3,9384.5,3422.6,1624.4,787.3,969.1,1393.9,1176.8,9376.6
Feb-1996,3339.0,1485.5,662.9,737.1,1279.6,1128.0,8632.1,3433.3,1621.7,786.4,965.5,1396.0,1176.5,9379.4,3432.5,1627.1,787.7,970.6,1394.2,1180.2,9396.9
Mar-1996,3468.7,1582.6,717.6,812.0,1313.2,1180.0,9074.2,3436.4,1643.3,789.5,960.3,1388.3,1174.4,9392.2,3446.4,1638.0,788.4,971.2,1395.8,1180.7,9423.2
Apr-1996,3346.5,1498.9,758.2,895.2,1278.4,1169.3,8946.5,3464.3,1645.2,789.7,970.1,1389.6,1196.0,9454.9,3464.5,1654.1,788.9,971.3,1395.4,1178.7,9455.1
May-1996,3515.8,1644.5,807.1,962.8,1359.2,1145.7,9435.2,3490.3,1655.4,778.3,969.0,1395.6,1155.7,9444.3,3486.0,1672.1,789.9,971.2,1395.1,1173.9,9487.4
Jun-1996,3329.3,1610.9,755.8,908.6,1289.5,1109.0,9003.1,3515.5,1692.9,791.1,977.0,1408.8,1177.3,9562.6,3506.2,1688.7,791.2,969.5,1391.2,1165.8,9512.4
Jul-1996,3433.3,1695.0,777.9,908.0,1338.8,1138.1,9291.1,3528.5,1735.1,803.8,973.8,1384.7,1153.2,9579.1,3523.2,1698.4,791.7,966.7,1389.6,1154.4,9523.3
Aug-1996,3577.3,1664.9,746.1,888.9,1363.3,1145.7,9386.1,3526.4,1717.7,793.4,971.2,1388.2,1147.6,9544.5,3535.8,1704.8,790.6,962.4,1384.2,1140.7,9517.1
Sep-1996,3377.2,1583.8,739.9,833.7,1317.4,1104.9,8956.8,3552.1,1665.3,785.9,948.3,1367.3,1129.5,9448.4,3546.6,1702.5,789.0,959.3,1382.0,1127.8,9507.1
Oct-1996,3648.3,1740.4,806.1,933.7,1404.8,1142.2,9675.6,3553.6,1705.1,787.9,938.3,1386.7,1112.6,9484.2,3558.2,1703.0,787.7,961.1,1384.1,1119.3,9512.9
Nov-1996,3649.2,1798.7,808.0,1081.6,1463.1,1129.4,9930.1,3578.4,1701.6,774.3,973.2,1387.8,1107.4,9522.6,3572.1,1701.8,786.8,967.1,1391.3,1117.2,9540.6
Dec-1996,4034.4,2296.1,1148.8,1837.6,1975.8,1230.8,12523.5,3564.0,1716.7,788.9,982.2,1409.1,1107.5,9568.5,3587.0,1704.9,787.7,975.3,1401.4,1121.4,9588.0
Jan-1997,3688.2,1686.0,777.1,840.9,1344.2,1180.1,9516.5,3613.4,1699.5,802.6,972.4,1402.1,1143.4,9633.6,3602.6,1711.7,790.0,981.1,1414.9,1131.4,9644.1
Feb-1997,3363.0,1576.9,639.8,727.4,1269.3,1059.5,8636.0,3621.4,1782.6,791.0,1014.8,1440.8,1152.2,9802.8,3615.1,1718.7,793.2,982.0,1429.4,1143.5,9694.5
Mar-1997,3676.9,1608.8,700.9,857.9,1332.5,1148.0,9325.0,3649.8,1738.3,794.2,980.1,1444.7,1158.2,9765.3,3626.1,1722.9,796.0,977.7,1441.9,1155.3,9731.9
Apr-1997,3480.1,1610.8,775.5,849.0,1364.4,1141.3,9221.1,3600.4,1709.5,785.8,943.6,1447.7,1155.3,9642.3,3634.1,1727.5,798.3,971.8,1451.3,1165.0,9759.6
May-1997,3682.6,1712.9,845.3,994.8,1413.2,1170.3,9819.1,3645.2,1742.4,817.8,983.3,1462.8,1174.4,9825.9,3640.8,1730.7,800.0,969.2,1463.1,1171.6,9785.4
Jun-1997,3414.8,1664.3,749.4,830.2,1344.5,1113.5,9116.7,3668.6,1736.4,797.4,940.5,1471.0,1179.4,9793.3,3647.8,1732.4,801.8,972.4,1472.9,1175.2,9816.5
Jul-1997,3652.3,1698.0,791.7,971.1,1441.7,1164.6,9719.3,3679.3,1736.3,806.9,1001.0,1482.1,1172.8,9878.4,3693.8,1734.6,805.1,979.4,1482.5,1177.1,9856.7
Aug-1997,3669.0,1662.9,740.1,836.0,1443.5,1173.3,9524.8,3702.7,1731.2,802.1,979.9,1490.0,1186.5,9892.4,3708.9,1737.4,809.5,988.3,1488.0,1177.8,9906.5
Sep-1997,3585.7,1678.9,777.5,939.1,1461.3,1154.1,9596.6,3730.7,1740.5,812.0,1018.0,1497.6,1172.8,9971.5,3729.7,1746.8,815.0,996.5,1493.9,1176.5,9959.7
Oct-1997,3879.4,1811.1,841.7,976.9,1523.2,1204.8,10237.0,3743.6,1754.6,820.8,997.9,1496.9,1163.6,9977.3,3752.6,1758.7,820.7,1001.0,1497.8,1173.2,10006.1
Nov-1997,3794.0,1835.5,863.6,1111.3,1552.9,1183.7,10340.9,3783.4,1777.0,837.6,995.7,1499.8,1174.6,10068.0,3774.9,1776.1,826.3,1002.9,1500.4,1167.7,10042.3
Dec-1997,4339.8,2418.4,1231.1,1879.1,2143.1,1306.7,13318.2,3790.9,1789.7,832.2,989.2,1497.1,1173.4,10072.5,3793.2,1793.1,830.6,1004.9,1501.5,1161.4,10068.8
Jan-1998,3973.8,1724.9,803.2,917.3,1437.6,1185.9,10042.7,3871.1,1742.4,829.0,1026.7,1507.8,1152.4,10129.4,3842.1,1726.5,834.4,1004.5,1502.5,1155.9,10082.6
Feb-1998,3571.6,1531.3,681.0,716.2,1322.4,1050.0,8872.4,3850.0,1730.7,844.5,1002.5,1504.1,1145.2,10077.0,3853.5,1737.4,839.3,1003.7,1503.6,1153.1,10091.8
Mar-1998,3799.6,1660.0,749.7,822.9,1402.3,1141.1,9575.7,3850.4,1740.0,832.9,992.4,1498.1,1148.6,10062.4,3866.3,1737.2,846.8,1003.0,1504.5,1154.2,10104.0
Apr-1998,3832.3,1602.0,829.8,970.1,1415.8,1106.7,9756.6,3859.5,1746.5,856.2,1022.3,1515.1,1119.7,10119.4,3883.6,1734.2,857.5,1004.2,1507.6,1128.5,10126.5
May-1998,3882.4,1677.0,894.0,970.2,1432.9,1144.2,10000.6,3913.9,1726.5,876.7,1002.6,1502.2,1153.1,10175.1,3905.3,1735.4,870.9,1006.5,1509.2,1136.5,10164.7
Jun-1998,3705.2,1668.8,835.0,849.4,1409.5,1088.2,9556.1,3959.0,1726.4,879.7,954.8,1523.4,1147.6,10190.8,3933.2,1730.3,883.7,1010.9,1515.4,1147.4,10220.0
Jul-1998,3951.3,1699.6,888.2,1042.3,1481.7,1162.2,10225.4,3941.2,1717.8,903.1,1078.8,1514.5,1156.9,10312.3,3960.9,1724.9,894.3,1015.3,1523.1,1158.5,10276.1
Aug-1998,3888.9,1649.9,822.5,869.9,1459.4,1144.8,9835.4,3989.4,1729.2,903.4,1014.5,1520.6,1162.2,10319.3,3986.9,1723.2,900.9,1019.8,1528.7,1168.5,10326.0
Sep-1998,3897.8,1685.0,869.3,939.4,1518.7,1149.5,10059.8,4014.7,1733.9,901.1,1019.8,1549.5,1168.4,10387.3,4009.6,1723.0,902.8,1023.9,1534.5,1177.1,10370.0
Oct-1998,4213.3,1783.6,928.8,1021.3,1567.9,1258.6,10773.4,4051.3,1735.0,906.5,1014.8,1550.7,1215.3,10473.6,4032.6,1723.9,902.2,1029.3,1539.8,1185.3,10416.4
Nov-1998,4003.3,1776.0,925.5,1137.7,1599.4,1200.8,10642.7,4050.9,1706.1,901.4,1039.9,1545.7,1191.4,10435.4,4057.6,1740.9,902.4,1035.3,1546.7,1192.9,10473.6
Dec-1998,4690.1,2323.2,1348.5,1975.7,2189.7,1310.2,13837.5,4025.0,1738.7,898.5,1013.7,1523.0,1173.4,10372.2,4088.1,1756.0,905.9,1041.3,1557.8,1201.1,10545.6
Jan-1999,4218.6,1775.4,866.6,942.0,1490.5,1244.0,10537.1,4164.3,1798.0,906.4,1093.2,1583.4,1222.5,10767.8,4117.4,1778.1,912.8,1046.0,1568.6,1214.1,10630.6
Feb-1999,3844.3,1597.2,736.7,738.4,1389.2,1124.4,9430.1,4146.9,1805.4,916.4,1036.0,1583.8,1229.6,10718.1,4143.7,1803.5,923.1,1047.6,1581.9,1228.8,10715.9
Mar-1999,4250.9,1733.6,864.4,903.2,1542.5,1245.4,10540.0,4191.2,1780.2,940.5,1054.4,1598.3,1234.7,10799.4,4164.6,1820.7,932.7,1044.1,1594.1,1243.1,10787.5
Apr-1999,4091.1,1681.0,930.6,953.2,1498.9,1236.0,10390.7,4162.4,1844.8,966.4,1024.8,1618.1,1254.0,10870.5,4182.2,1835.2,940.9,1039.8,1606.1,1254.1,10843.8
May-1999,4079.0,1764.5,937.0,1011.2,1517.9,1271.4,10581.0,4188.3,1843.4,928.7,1042.7,1606.1,1289.4,10898.5,4194.5,1845.1,947.2,1038.5,1614.1,1259.1,10888.9
Jun-1999,3961.9,1779.0,915.5,894.4,1505.8,1208.0,10264.8,4200.7,1836.0,957.9,1020.1,1615.8,1277.1,10907.6,4206.2,1855.6,952.8,1042.3,1621.8,1258.3,10934.5
Jul-1999,4239.4,1817.4,913.3,1054.5,1581.0,1219.2,10824.9,4217.4,1849.3,934.3,1054.7,1621.5,1212.3,10889.5,4222.1,1877.1,957.1,1050.7,1627.7,1257.5,10993.9
Aug-1999,4117.8,1830.7,888.6,899.5,1585.1,1233.6,10555.3,4253.4,1898.1,979.8,1074.3,1637.6,1250.7,11093.9,4242.7,1892.4,962.7,1060.8,1635.5,1260.5,11065.9
Sep-1999,4184.0,1894.3,939.6,1002.3,1627.4,1261.3,10908.9,4264.5,1946.7,973.4,1072.0,1661.7,1276.7,11195.1,4262.9,1915.8,968.9,1069.0,1639.9,1267.3,11131.1
Oct-1999,4373.6,2000.7,982.2,1043.7,1622.2,1314.4,11336.8,4270.8,1950.3,970.4,1075.5,1623.9,1274.4,11165.4,4283.6,1933.9,974.9,1073.6,1641.2,1276.5,11178.3
Nov-1999,4273.0,2037.0,1022.2,1207.2,1726.2,1318.3,11584.0,4302.3,1933.6,982.0,1072.1,1650.3,1309.2,11249.5,4298.3,1944.3,978.2,1074.1,1641.1,1285.5,11197.0
Dec-1999,5099.8,2568.3,1471.2,2069.6,2352.7,1455.3,15016.9,4324.1,1916.0,971.1,1070.7,1633.4,1284.7,11200.1,4310.2,1949.0,980.1,1072.5,1640.9,1291.5,11188.3
Jan-2000,4247.2,1924.7,903.4,924.9,1496.6,1297.4,10794.2,4252.4,1966.5,955.6,1070.7,1607.6,1290.9,11143.7,4250.0,1957.9,945.2,1071.5,1606.5,1293.0,11167.6
Feb-2000,4069.7,1813.6,764.5,798.2,1462.1,1206.7,10114.8,4252.6,1977.7,917.2,1081.1,1607.8,1282.3,11118.6,4254.1,1961.1,948.5,1072.3,1609.8,1293.2,11154.7
Mar-2000,4353.4,1919.9,877.4,901.9,1553.0,1324.6,10930.1,4248.7,1987.2,944.1,1054.9,1613.8,1307.0,11155.7,4259.1,1973.1,953.5,1075.6,1615.4,1293.2,11163.2
Apr-2000,4174.4,1769.8,905.7,1024.7,1482.8,1252.5,10609.9,4261.0,1956.5,951.5,1091.7,1622.2,1280.7,11163.5,4264.2,1982.9,958.2,1082.5,1623.4,1292.3,11193.9
May-2000,4161.7,1985.7,995.2,1052.3,1575.8,1282.1,11052.7,4261.2,2058.3,978.0,1096.7,1637.2,1296.7,11328.1,4272.5,1993.3,962.2,1093.4,1631.1,1293.2,11243.9
Jun-2000,4175.1,2346.3,1103.9,1165.5,1609.6,1274.7,11675.2,4346.6,2393.0,1147.3,1311.3,1716.6,1325.4,12240.2,4280.1,2004.2,964.5,1104.8,1638.8,1297.3,11303.6
Jul-2000,4221.2,1875.7,808.6,859.3,1522.5,1317.9,10605.2,4334.3,1946.6,853.1,885.2,1596.7,1327.4,10943.4,4372.6,2033.9,947.5,1119.0,1668.2,1342.9,11455.6
Aug-2000,4362.9,2013.1,853.0,1009.2,1623.6,1328.8,11190.6,4390.2,2062.4,924.9,1160.5,1644.9,1336.2,11519.3,4376.8,2047.3,950.3,1123.1,1673.9,1352.4,11506.8
Sep-2000,4315.6,2015.7,986.4,1054.6,1642.7,1432.4,11447.4,4388.1,2063.6,1018.7,1133.9,1684.5,1447.5,11736.3,4383.1,2058.4,954.9,1122.7,1680.0,1364.7,11557.1
Oct-2000,4384.7,2098.2,957.7,1070.4,1692.6,1460.8,11664.4,4378.9,2051.9,953.8,1116.3,1699.7,1426.6,11627.2,4395.0,2072.5,962.6,1121.1,1688.1,1381.3,11617.7
Nov-2000,4450.9,2213.3,1022.4,1232.5,1792.5,1416.3,12127.8,4390.7,2094.6,967.8,1079.1,1698.6,1398.6,11629.4,4417.8,2084.8,972.4,1121.3,1700.4,1401.9,11698.4
Dec-2000,5194.1,2776.0,1499.7,2177.5,2381.5,1538.6,15567.3,4479.9,2101.9,1001.5,1138.8,1685.3,1375.8,11783.1,4451.7,2102.1,983.0,1124.5,1717.8,1424.6,11801.4
Jan-2001,4486.2,2095.8,945.7,971.9,1641.7,1470.8,11612.2,4466.0,2113.2,988.7,1132.5,1737.9,1458.7,11896.9,4493.8,2116.6,992.6,1130.9,1736.1,1445.2,11918.2
Feb-2001,4221.3,1887.4,800.3,814.6,1563.5,1338.0,10625.2,4560.8,2141.0,994.2,1144.0,1785.6,1469.8,12095.5,4539.1,2133.7,1001.4,1139.9,1754.1,1460.6,12038.1
Mar-2001,4699.1,2063.2,945.4,1017.5,1694.1,1521.2,11940.5,4572.4,2148.6,1014.9,1162.4,1771.8,1507.3,12177.3,4580.4,2157.9,1009.6,1148.0,1770.3,1471.0,12149.7
Apr-2001,4497.1,1982.7,989.6,1039.2,1626.9,1441.3,11576.8,4640.1,2187.7,1051.3,1131.0,1773.3,1465.4,12248.8,4615.2,2182.7,1016.7,1150.0,1783.5,1477.1,12240.4
May-2001,4603.0,2118.3,1056.3,1123.5,1728.6,1446.1,12075.8,4645.9,2201.7,1035.0,1156.6,1784.6,1458.6,12282.4,4642.7,2207.3,1022.2,1145.8,1791.1,1479.2,12307.0
Jun-2001,4458.2,2205.1,989.3,1024.9,1674.2,1397.6,11749.3,4665.1,2262.6,1026.8,1144.7,1799.6,1466.2,12365.0,4669.5,2234.9,1026.5,1138.7,1795.1,1477.3,12356.3
Jul-2001,4532.8,2217.5,976.7,1100.8,1733.8,1477.4,12038.9,4676.5,2281.1,1038.2,1149.9,1807.2,1483.4,12436.2,4696.9,2255.7,1030.1,1134.0,1797.5,1474.3,12400.6
Aug-2001,4745.1,2253.1,947.1,963.0,1792.2,1504.6,12204.9,4724.4,2292.6,1025.0,1107.1,1802.5,1489.2,12440.9,4728.1,2279.0,1034.6,1134.2,1801.6,1471.7,12455.4
Sep-2001,4606.5,2188.7,985.1,1012.9,1718.8,1437.2,11949.3,4771.4,2273.9,1030.9,1115.5,1797.7,1474.4,12463.7,4765.4,2302.1,1042.5,1140.6,1808.3,1467.9,12529.6
Oct-2001,4863.1,2404.9,1079.5,1132.0,1829.9,1488.5,12797.9,4811.0,2329.9,1061.3,1163.3,1813.7,1447.8,12626.9,4806.7,2330.0,1055.1,1151.5,1815.8,1463.1,12621.3
Nov-2001,4941.5,2517.4,1128.2,1344.8,1944.2,1482.9,13359.0,4839.2,2348.7,1062.5,1176.0,1827.7,1449.3,12703.5,4847.0,2354.8,1070.7,1163.0,1828.5,1458.6,12722.0
Dec-2001,5543.0,3113.9,1616.1,2269.5,2589.6,1611.4,16743.5,4876.3,2387.6,1089.8,1193.6,1844.3,1459.6,12851.2,4881.7,2381.7,1087.6,1174.4,1845.9,1457.0,12827.8
Jan-2002,5044.6,2438.8,1072.6,1027.9,1769.9,1482.1,12836.0,4944.8,2454.4,1110.3,1173.0,1871.9,1465.9,13020.4,4909.8,2416.0,1101.6,1183.0,1864.4,1459.2,12932.9
Feb-2002,4559.4,2123.9,895.5,841.4,1642.5,1329.8,11392.4,4927.3,2416.3,1115.1,1178.4,1874.7,1462.3,12974.1,4932.8,2450.5,1109.4,1188.5,1883.6,1464.7,13028.6
Mar-2002,5098.2,2296.4,1016.1,1043.9,1795.0,1478.9,12728.5,4952.6,2444.4,1113.1,1183.7,1900.7,1473.5,13068.0,4954.0,2483.0,1110.2,1191.3,1902.3,1473.0,13112.3
Apr-2002,4747.6,2336.0,1058.2,1075.3,1778.3,1460.4,12455.8,4945.0,2526.0,1103.5,1189.9,1922.7,1487.2,13174.4,4978.0,2510.5,1107.3,1193.4,1917.2,1483.8,13190.1
May-2002,5028.5,2478.6,1139.2,1190.9,1898.8,1481.9,13217.9,5026.1,2567.3,1120.3,1239.9,1949.5,1476.5,13379.7,5004.8,2529.4,1103.7,1193.7,1932.3,1495.7,13260.7
Jun-2002,4716.1,2475.0,1029.5,1143.0,1762.1,1424.9,12550.6,5024.2,2565.5,1077.1,1165.9,1925.8,1513.7,13272.2,5036.2,2542.7,1103.1,1193.7,1941.3,1506.9,13325.2
Jul-2002,4971.5,2465.3,1033.3,1075.7,1870.2,1527.3,12943.3,5079.9,2520.6,1095.5,1199.7,1927.6,1527.2,13350.5,5070.2,2551.1,1109.0,1196.7,1945.4,1515.7,13388.3
Aug-2002,5145.5,2501.2,1050.6,1065.9,1946.9,1551.6,13261.7,5100.7,2546.8,1134.7,1190.4,1975.7,1537.3,13485.7,5104.6,2553.5,1120.7,1205.2,1944.6,1523.0,13452.3
Sep-2002,4912.5,2460.6,1079.0,1060.1,1880.9,1495.1,12888.3,5143.5,2547.2,1136.3,1209.7,1960.6,1528.4,13525.6,5136.2,2552.0,1135.0,1219.2,1944.7,1529.9,13517.1
Oct-2002,5283.5,2635.3,1170.0,1211.4,1942.0,1556.6,13798.9,5152.8,2543.8,1137.0,1219.8,1916.0,1505.1,13474.5,5164.7,2550.7,1147.0,1235.8,1946.2,1537.3,13581.9
Nov-2002,5300.6,2752.9,1250.2,1495.1,2047.7,1571.9,14418.4,5213.3,2575.0,1178.1,1303.2,1939.6,1547.4,13756.5,5191.1,2552.0,1155.5,1251.7,1949.1,1545.3,13642.4
Dec-2002,5862.1,3366.1,1730.9,2338.6,2769.7,1734.0,17801.4,5193.0,2569.7,1170.7,1265.4,1953.8,1571.5,13724.2,5216.9,2551.6,1160.4,1263.6,1951.8,1555.5,13698.7
Jan-2003,5402.8,2528.5,1108.8,1099.3,1876.5,1620.4,13636.3,5243.7,2534.0,1145.6,1256.0,1976.7,1587.3,13743.3,5236.4,2553.7,1163.3,1270.4,1956.2,1568.4,13750.3
Feb-2003,4861.0,2231.8,925.0,900.5,1727.3,1421.8,12067.5,5255.3,2546.0,1152.5,1255.1,1971.7,1565.0,13745.7,5254.3,2561.1,1166.9,1274.2,1967.2,1582.3,13806.5
Mar-2003,5280.2,2430.7,1072.8,1092.7,1839.2,1574.2,13289.7,5284.7,2574.9,1166.9,1280.8,1954.4,1583.5,13845.2,5267.3,2578.5,1171.6,1275.8,1980.4,1597.4,13871.3
Apr-2003,5171.5,2368.9,1144.4,1222.4,1851.6,1589.1,13347.9,5263.5,2605.4,1208.8,1296.1,2003.7,1617.3,13994.9,5276.6,2606.0,1176.5,1277.4,1998.6,1614.8,13948.4
May-2003,5316.3,2539.9,1188.2,1237.1,1958.4,1657.4,13897.3,5308.9,2642.7,1171.5,1279.2,2029.8,1659.9,14092.0,5286.1,2641.6,1181.5,1280.3,2019.1,1636.3,14042.3
Jun-2003,4895.4,2595.6,1130.4,1237.9,1870.4,1554.2,13284.0,5258.8,2677.9,1185.0,1282.3,2029.4,1639.8,14073.2,5297.7,2680.9,1187.0,1285.6,2045.6,1662.8,14157.9
Jul-2003,5296.9,2675.1,1130.1,1182.0,2021.9,1699.4,14005.4,5335.1,2729.6,1190.4,1278.9,2078.5,1691.8,14304.4,5317.3,2715.5,1193.5,1292.4,2075.4,1692.7,14287.9
Aug-2003,5286.8,2665.2,1097.2,1101.2,2045.1,1737.8,13933.3,5335.8,2735.3,1196.2,1295.6,2102.2,1732.2,14397.2,5344.6,2744.2,1202.6,1301.1,2105.8,1724.4,14430.0
Sep-2003,5192.1,2726.7,1166.3,1198.2,2063.2,1709.4,14055.9,5387.0,2785.1,1209.5,1311.8,2134.3,1751.0,14578.7,5380.5,2766.1,1215.5,1311.0,2131.8,1757.3,14575.9
Oct-2003,5583.9,2903.8,1270.2,1316.1,2236.2,1878.4,15188.7,5402.6,2783.6,1232.0,1336.3,2188.5,1790.1,14733.2,5423.7,2778.8,1229.3,1319.8,2189.1,1790.6,14716.9
Nov-2003,5498.8,2948.3,1319.3,1528.2,2322.0,1838.4,15455.0,5483.0,2784.9,1252.0,1342.7,2229.3,1825.2,14917.0,5469.3,2795.5,1240.2,1325.0,2195.7,1822.0,14839.8
Dec-2003,6269.7,3650.5,1854.6,2424.2,3137.1,2048.3,19384.4,5499.7,2780.7,1251.8,1306.6,2199.4,1846.8,14885.0,5512.7,2807.8,1245.2,1326.8,2193.2,1848.3,14934.1
Jan-2004,5769.9,2829.9,1217.0,1182.9,2039.8,1895.2,14934.7,5587.8,2831.7,1249.0,1324.3,2165.6,1872.1,15030.5,5552.8,2819.2,1246.7,1328.0,2187.8,1867.2,15004.0
Feb-2004,5311.8,2545.4,1033.1,989.8,1942.6,1765.8,13588.5,5588.8,2825.8,1250.5,1338.2,2151.1,1883.5,15037.9,5590.1,2830.3,1247.8,1332.0,2181.8,1878.4,15062.8
Mar-2004,5602.4,2746.3,1130.9,1131.4,2117.1,1872.8,14600.9,5604.4,2891.5,1227.1,1327.3,2216.2,1883.4,15149.9,5623.1,2838.9,1251.3,1340.4,2180.6,1881.0,15114.4
Apr-2004,5627.7,2569.2,1190.7,1277.1,2013.5,1873.7,14552.0,5637.2,2819.5,1254.9,1354.1,2168.8,1880.7,15115.2,5652.9,2843.8,1259.3,1353.1,2185.3,1877.8,15170.5
May-2004,5542.3,2675.2,1265.6,1280.3,2075.5,1846.2,14685.1,5677.3,2826.7,1272.5,1371.3,2190.6,1870.1,15208.4,5678.1,2848.1,1271.3,1367.8,2198.2,1872.8,15236.1
Jun-2004,5406.3,2793.8,1261.2,1384.1,2075.0,1758.5,14679.0,5748.3,2854.2,1300.0,1383.1,2222.1,1856.8,15364.5,5696.7,2856.7,1283.6,1381.9,2216.1,1867.8,15307.5
Jul-2004,5722.7,2843.3,1233.3,1305.9,2171.6,1878.2,15154.9,5690.9,2884.7,1294.2,1395.5,2235.8,1853.9,15355.0,5710.9,2874.4,1292.1,1391.1,2232.4,1863.6,15374.6
Aug-2004,5569.3,2798.1,1185.0,1166.8,2162.3,1850.1,14731.7,5705.0,2875.3,1290.5,1389.3,2225.6,1862.3,15348.0,5721.0,2896.5,1295.5,1393.7,2244.2,1858.4,15426.2
Sep-2004,5622.8,2848.0,1272.5,1317.9,2221.4,1921.5,15204.1,5740.0,2924.8,1308.4,1408.8,2282.5,1949.0,15613.4,5727.3,2922.8,1295.4,1390.8,2251.4,1851.3,15455.8
Oct-2004,5819.7,3078.3,1324.9,1358.3,2273.3,1914.5,15769.1,5702.8,2970.9,1288.6,1393.1,2263.8,1840.1,15459.2,5728.5,2945.3,1294.8,1388.3,2253.7,1842.1,15470.4
Nov-2004,5753.4,3185.1,1349.9,1536.7,2352.9,1839.9,16017.9,5745.6,2976.3,1280.4,1378.0,2232.7,1821.9,15434.8,5731.1,2960.8,1296.7,1389.0,2250.5,1831.3,15473.6
Dec-2004,6753.1,3877.3,1915.2,2500.8,3209.8,2041.9,20298.1,5802.2,2940.1,1294.1,1342.0,2232.8,1816.9,15428.1,5734.5,2975.3,1300.9,1391.4,2243.5,1820.3,15471.5
Jan-2005,5710.3,2963.1,1273.7,1246.3,2074.7,1798.7,15066.7,5660.2,2996.4,1327.5,1417.6,2235.9,1802.1,15439.6,5743.7,2986.0,1306.9,1394.4,2236.7,1811.9,15471.7
Feb-2005,5336.4,2622.9,1055.6,1037.3,1979.9,1661.2,13693.5,5764.5,3000.6,1309.7,1427.7,2249.3,1830.5,15582.3,5754.8,2992.7,1313.0,1396.5,2232.1,1809.4,15480.7
Mar-2005,5936.5,2782.9,1210.4,1300.8,2117.9,1780.3,15128.9,5768.3,2997.1,1323.3,1433.9,2217.2,1798.3,15538.1,5776.1,3000.7,1317.8,1397.6,2228.2,1812.0,15506.6
Apr-2005,5710.9,2787.4,1221.3,1153.7,2060.3,1809.0,14742.6,5843.7,2995.1,1269.6,1265.9,2222.2,1811.7,15408.2,5808.8,3009.2,1321.1,1398.2,2220.6,1816.4,15549.8
May-2005,5661.0,2879.3,1308.9,1264.2,2098.2,1788.9,15000.6,5828.8,3029.9,1320.6,1385.5,2206.7,1820.6,15592.1,5851.2,3020.4,1323.4,1398.0,2210.5,1821.1,15601.2
Jun-2005,5582.8,2969.3,1310.1,1454.2,2074.5,1768.9,15159.8,5876.3,3030.9,1342.9,1420.3,2213.0,1846.4,15729.8,5899.5,3025.3,1326.3,1397.5,2197.0,1827.8,15657.8
Jul-2005,5888.5,2964.4,1237.2,1290.1,2090.0,1869.0,15339.3,5942.5,3021.6,1309.9,1401.3,2177.5,1852.1,15705.1,5944.7,3029.5,1329.5,1396.4,2181.6,1838.7,15712.9
Aug-2005,5929.6,2984.4,1235.8,1210.7,2125.1,1813.4,15299.0,6022.9,3053.3,1336.0,1409.8,2175.2,1813.5,15810.8,5981.0,3031.8,1331.8,1392.3,2169.1,1854.7,15760.2
Sep-2005,5931.4,2971.0,1315.5,1277.8,2094.3,1845.8,15436.0,6028.6,3027.6,1344.5,1388.6,2151.5,1862.8,15803.6,6009.7,3033.6,1332.8,1384.3,2160.8,1874.0,15798.9
Oct-2005,6100.1,3099.2,1368.8,1314.4,2142.3,1978.1,16002.8,6029.6,3014.0,1333.5,1356.4,2148.3,1912.0,15793.8,6032.9,3037.6,1332.8,1374.1,2161.1,1893.3,15833.3
Nov-2005,6071.2,3252.9,1400.9,1540.4,2290.4,1965.0,16520.8,6032.6,3044.3,1329.5,1364.5,2163.5,1937.1,15871.5,6053.6,3045.1,1333.0,1368.2,2168.6,1911.0,15880.3
Dec-2005,7083.5,4088.1,1958.3,2536.0,3136.2,2152.8,20955.0,6061.7,3081.4,1321.4,1355.8,2188.2,1925.3,15933.8,6079.8,3056.0,1334.7,1370.7,2184.1,1926.8,15953.2
Jan-2006,6113.6,3036.0,1289.2,1193.7,2068.4,1913.8,15614.7,6106.8,3061.2,1347.9,1370.0,2218.6,1938.3,16042.7,6115.9,3070.5,1338.4,1379.3,2205.1,1941.3,16051.6
Feb-2006,5704.1,2692.5,1084.3,1037.7,1962.4,1750.1,14231.0,6166.3,3088.9,1344.6,1425.1,2228.8,1929.4,16182.9,6162.0,3093.0,1343.8,1389.9,2225.9,1955.6,16168.7
Mar-2006,6335.1,2953.4,1242.8,1204.5,2149.1,1983.8,15868.7,6234.9,3110.9,1344.9,1382.9,2222.3,1967.9,16263.7,6211.5,3115.5,1351.2,1400.1,2246.5,1971.6,16294.2
Apr-2006,6139.3,2804.1,1290.5,1348.6,2070.2,1966.5,15619.2,6251.4,3124.7,1370.4,1430.0,2279.5,2000.4,16456.4,6256.5,3138.5,1359.6,1405.2,2263.0,1990.4,16412.2
May-2006,6133.3,3026.2,1349.0,1267.6,2177.8,2005.1,15959.0,6290.9,3185.5,1362.4,1376.3,2276.1,2030.2,16521.3,6295.9,3159.5,1369.2,1403.9,2276.7,2009.3,16517.2
Jun-2006,6071.6,3148.2,1346.9,1429.0,2167.3,1943.6,16106.6,6355.0,3178.8,1378.8,1411.4,2303.0,2015.8,16642.9,6332.5,3186.3,1380.4,1398.7,2287.3,2025.2,16610.3
Jul-2006,6197.4,3120.4,1304.0,1412.0,2161.5,2019.2,16214.5,6351.6,3220.3,1385.4,1404.3,2281.2,2032.6,16675.4,6366.6,3207.0,1392.0,1393.8,2296.2,2035.5,16692.2
Aug-2006,6368.5,3150.1,1324.9,1239.2,2275.9,2043.2,16401.9,6386.1,3201.3,1405.4,1404.3,2308.4,2038.0,16743.5,6401.7,3226.2,1402.3,1393.0,2303.5,2041.5,16765.6
Sep-2006,6296.9,3196.1,1384.2,1219.1,2213.6,2038.7,16348.7,6436.8,3261.0,1419.6,1341.8,2297.6,2060.4,16817.1,6439.0,3236.1,1409.1,1396.1,2308.0,2046.1,16835.5
Oct-2006,6567.2,3346.8,1464.3,1344.6,2319.4,2113.3,17155.7,6519.3,3256.7,1425.6,1422.0,2312.1,2054.8,16990.4,6478.7,3255.5,1413.6,1404.8,2311.5,2053.6,16917.2
Nov-2006,6614.2,3494.0,1486.1,1623.3,2473.4,2109.4,17800.4,6495.5,3284.1,1407.2,1430.4,2325.9,2058.2,17001.2,6519.8,3280.5,1418.2,1418.9,2315.7,2067.0,17022.1
Dec-2006,7569.8,4301.3,2056.6,2611.1,3306.8,2297.3,22142.8,6551.6,3254.3,1412.0,1442.4,2329.1,2059.4,17048.9,6564.8,3312.4,1422.7,1434.5,2322.1,2085.8,17142.6
Jan-2007,6638.4,3332.3,1354.6,1267.3,2165.5,2097.1,16855.2,6609.7,3347.5,1420.2,1433.5,2307.2,2117.8,17235.9,6611.0,3348.0,1427.6,1449.1,2325.4,2108.7,17266.7
Feb-2007,6172.9,2963.4,1165.0,1047.0,2044.0,1939.0,15331.4,6674.6,3413.3,1442.6,1447.8,2323.1,2138.5,17439.7,6658.0,3374.8,1434.5,1459.0,2325.2,2133.5,17384.5
Mar-2007,6863.0,3283.3,1368.3,1331.6,2279.5,2191.9,17317.7,6708.0,3445.6,1464.7,1518.5,2355.2,2174.5,17666.6,6707.5,3391.0,1444.0,1463.9,2324.8,2156.9,17491.7
Apr-2007,6600.0,3010.1,1359.1,1302.6,2108.5,2134.0,16514.4,6765.9,3378.1,1456.6,1433.6,2329.1,2177.3,17540.6,6760.1,3408.4,1455.3,1466.0,2327.4,2176.7,17592.7
May-2007,6691.7,3239.8,1430.3,1365.1,2228.1,2145.5,17100.4,6794.7,3398.6,1417.0,1459.4,2305.1,2170.4,17545.3,6815.4,3419.0,1466.8,1468.8,2337.4,2190.8,17694.8
Jun-2007,6518.0,3399.0,1461.5,1491.5,2180.3,2133.8,17184.1,6863.7,3418.8,1503.0,1481.9,2337.9,2211.7,17816.9,6873.8,3429.1,1478.9,1472.2,2355.0,2199.5,17805.4
Jul-2007,6751.1,3333.5,1427.6,1462.3,2284.2,2178.4,17437.0,6944.2,3430.9,1510.7,1470.5,2397.2,2202.5,17955.9,6931.5,3447.4,1491.7,1477.6,2378.4,2205.4,17933.3
Aug-2007,7001.1,3433.6,1406.8,1315.5,2386.6,2257.9,17801.5,6969.1,3475.9,1498.9,1488.4,2414.5,2216.0,18062.7,6987.4,3472.9,1503.9,1485.7,2407.1,2209.6,18074.9
Sep-2007,6847.4,3443.2,1459.1,1353.3,2321.0,2179.5,17603.5,7067.7,3544.6,1498.8,1497.4,2433.6,2219.1,18261.2,7030.8,3500.0,1514.0,1496.9,2436.5,2212.0,18209.8
Oct-2007,7144.7,3591.4,1561.1,1440.6,2535.3,2257.3,18530.4,7069.1,3493.9,1525.1,1507.2,2517.1,2183.6,18296.1,7063.2,3521.4,1519.6,1508.1,2510.9,2212.5,18316.0
Nov-2007,7250.0,3774.4,1617.8,1687.9,2692.3,2284.6,19307.1,7071.5,3529.1,1534.1,1514.9,2526.1,2224.5,18400.2,7082.0,3530.5,1521.3,1517.2,2531.0,2210.5,18383.8
Dec-2007,8154.3,4684.7,2204.2,2747.0,3582.4,2461.1,23833.7,7108.0,3550.2,1519.9,1525.9,2545.6,2223.0,18472.6,7092.2,3529.8,1522.6,1525.1,2546.8,2206.5,18426.4
Jan-2008,7206.3,3535.1,1461.1,1397.8,2437.1,2163.5,18201.0,7098.3,3532.5,1512.1,1538.7,2567.7,2183.9,18433.2,7100.7,3527.1,1523.3,1530.4,2560.2,2201.3,18448.4
Feb-2008,6787.8,3142.9,1278.1,1140.5,2355.5,2086.7,16791.4,7064.9,3496.8,1527.1,1537.9,2572.2,2208.8,18407.6,7112.2,3523.9,1521.0,1533.9,2571.3,2195.4,18456.7
Mar-2008,7315.8,3212.5,1353.9,1351.7,2414.5,2159.4,17807.9,7181.2,3520.3,1504.5,1514.4,2573.0,2179.2,18472.6,7131.9,3518.3,1516.6,1535.2,2579.8,2190.3,18465.3
Apr-2008,6882.6,3238.4,1486.7,1396.6,2390.5,2148.2,17543.0,7140.4,3508.6,1540.2,1553.0,2576.9,2179.5,18498.6,7166.3,3508.4,1512.5,1533.9,2585.6,2185.4,18479.0
May-2008,7163.6,3349.2,1541.9,1421.1,2530.9,2176.7,18183.5,7198.6,3503.5,1511.7,1517.8,2610.6,2183.9,18526.1,7208.5,3504.0,1509.4,1530.9,2588.7,2181.1,18497.4
Jun-2008,6761.8,3443.7,1402.5,1401.6,2378.4,2089.9,17477.9,7219.1,3501.0,1466.6,1428.7,2584.3,2190.6,18390.3,7251.1,3493.4,1507.2,1525.8,2589.3,2177.8,18519.7
Jul-2008,7240.5,3413.8,1460.4,1582.3,2521.7,2172.6,18391.2,7353.6,3493.5,1521.1,1542.4,2588.5,2179.2,18678.4,7294.7,3476.0,1506.5,1520.0,2590.2,2175.5,18544.5
Aug-2008,7355.4,3411.0,1419.4,1268.4,2540.0,2204.0,18198.2,7379.7,3457.0,1521.9,1470.6,2600.6,2173.0,18602.8,7336.2,3453.3,1507.8,1514.9,2593.9,2175.9,18574.6
Sep-2008,7095.7,3327.8,1468.3,1383.3,2485.9,2124.2,17885.2,7332.7,3407.0,1512.6,1534.0,2576.2,2161.2,18523.8,7378.6,3432.0,1511.6,1509.7,2601.7,2181.5,18619.7
Oct-2008,7642.8,3530.5,1547.4,1452.4,2668.9,2302.4,19144.5,7445.8,3431.0,1504.2,1500.9,2621.4,2200.0,18703.3,7484.4,3414.6,1517.5,1504.9,2614.3,2193.3,18690.5
Nov-2008,7630.1,3595.6,1594.1,1675.9,2740.0,2242.8,19478.5,7521.5,3388.8,1525.6,1491.2,2624.2,2208.5,18759.9,7541.1,3411.5,1524.6,1500.9,2630.8,2211.5,18787.9
Dec-2008,8784.9,4908.6,2308.7,2886.1,3816.6,2479.4,25184.3,7694.6,3675.8,1593.4,1615.7,2703.8,2246.0,19529.2,7602.8,3417.2,1531.7,1498.5,2648.9,2235.6,18906.1
Jan-2009,7985.3,3560.7,1543.2,1451.0,2525.9,2318.3,19384.5,7771.2,3550.4,1587.7,1585.7,2657.7,2316.9,19469.6,7665.4,3430.8,1539.4,1498.0,2666.4,2263.4,19033.5
Feb-2009,7151.3,2968.2,1259.1,1056.6,2349.1,2069.5,16853.8,7751.7,3455.0,1563.7,1471.0,2674.5,2296.4,19212.3,7720.5,3450.6,1547.5,1498.3,2683.7,2291.6,19157.3
Mar-2009,7832.4,3301.6,1518.6,1386.9,2585.3,2303.2,18927.9,7874.3,3522.5,1661.1,1625.5,2718.3,2315.6,19717.2,7761.1,3470.4,1555.3,1501.0,2699.3,2318.0,19263.9
Apr-2009,7710.6,3203.9,1579.8,1509.1,2519.0,2326.9,18849.3,7799.9,3562.5,1681.3,1612.2,2714.0,2371.4,19741.3,7788.1,3490.4,1563.6,1506.6,2710.8,2341.7,19354.1
May-2009,7763.2,3379.7,1709.3,1519.4,2624.2,2401.7,19397.5,7897.0,3560.0,1690.8,1631.8,2742.4,2419.3,19941.2,7806.3,3502.3,1572.0,1513.1,2716.7,2362.8,19426.1
Jun-2009,7399.3,3620.6,1568.0,1500.5,2551.6,2263.0,18902.9,7914.1,3645.3,1631.8,1529.1,2734.7,2380.7,19835.7,7821.0,3508.0,1581.7,1522.4,2716.0,2382.2,19490.0
Jul-2009,7725.6,3452.3,1514.7,1570.7,2682.3,2415.1,19360.6,7797.5,3527.9,1600.1,1540.5,2731.5,2390.8,19588.3,7838.6,3511.3,1592.0,1532.4,2711.4,2404.3,19561.0
Aug-2009,7807.5,3467.7,1498.2,1341.5,2595.8,2446.1,19156.7,7858.2,3526.3,1614.4,1558.6,2674.7,2428.4,19660.4,7864.9,3515.6,1602.1,1542.6,2707.3,2431.2,19650.2
Sep-2009,7635.8,3406.1,1537.2,1399.9,2620.5,2430.7,19030.3,7899.3,3474.9,1598.9,1527.3,2693.9,2454.7,19649.0,7896.3,3524.4,1610.6,1553.4,2708.2,2462.8,19752.8
Oct-2009,8109.7,3641.4,1631.4,1534.3,2775.7,2602.0,20294.6,7862.8,3515.8,1594.7,1582.6,2710.8,2493.1,19759.8,7922.8,3531.2,1615.2,1563.8,2715.6,2496.0,19848.0
Nov-2009,8204.0,3787.3,1692.5,1736.6,2849.8,2569.9,20840.1,8030.9,3584.3,1660.0,1584.8,2734.9,2534.4,20129.2,7939.0,3534.7,1615.6,1570.6,2728.0,2526.7,19920.9
Dec-2009,9249.0,4706.0,2493.6,2795.1,3817.7,2897.1,25958.5,7983.5,3532.4,1590.6,1534.5,2757.8,2590.9,19989.6,7945.6,3543.6,1612.9,1572.0,2741.8,2551.2,19968.1
Jan-2010,8093.4,3561.0,1545.9,1469.1,2601.3,2521.3,19792.0,7952.0,3570.8,1626.0,1605.7,2758.5,2538.9,20051.9,7945.9,3551.1,1608.9,1568.1,2752.9,2566.5,19993.8
Feb-2010,7243.1,3052.5,1273.6,1111.9,2426.4,2323.9,17431.5,7859.0,3556.7,1589.8,1551.5,2752.6,2583.2,19892.8,7952.0,3559.2,1606.5,1561.6,2758.2,2576.1,20012.7
Mar-2010,8017.8,3322.8,1452.3,1379.9,2709.9,2607.5,19490.3,7918.0,3499.6,1598.7,1565.1,2763.0,2589.7,19934.2,7971.1,3565.6,1607.1,1553.8,2760.8,2587.3,20044.3
Apr-2010,7835.6,3213.8,1507.5,1389.7,2549.6,2535.8,19032.0,8054.2,3607.4,1610.6,1528.1,2765.8,2598.4,20164.4,8000.5,3568.0,1613.3,1548.1,2767.5,2609.4,20107.1
May-2010,7887.6,3360.1,1653.6,1427.2,2633.7,2571.4,19533.6,8067.1,3571.8,1633.3,1533.2,2773.7,2622.8,20202.0,8032.6,3570.2,1624.3,1545.7,2781.0,2642.9,20196.6
Jun-2010,7527.9,3591.7,1558.6,1551.4,2604.6,2504.9,19339.1,8065.7,3615.8,1623.7,1556.4,2784.4,2631.2,20277.2,8058.7,3567.3,1635.2,1545.7,2800.1,2678.9,20285.8
Jul-2010,8044.4,3480.7,1579.0,1581.0,2765.1,2781.3,20231.6,8088.6,3539.0,1652.9,1551.3,2805.3,2752.5,20389.5,8067.5,3564.1,1641.8,1546.8,2820.1,2706.8,20347.6
Aug-2010,7924.7,3497.8,1511.0,1324.0,2803.4,2800.0,19860.8,8051.9,3537.2,1644.9,1552.9,2879.8,2772.6,20439.3,8065.4,3562.5,1642.7,1547.6,2837.4,2718.9,20376.4
Sep-2010,7855.4,3476.1,1610.1,1422.0,2809.9,2742.8,19916.3,8045.2,3540.9,1666.5,1550.5,2869.4,2756.4,20428.9,8067.2,3567.3,1636.3,1546.2,2849.3,2714.4,20380.3
Oct-2010,8239.5,3692.1,1594.6,1464.9,2854.1,2730.2,20575.4,8075.8,3582.6,1591.7,1525.9,2835.6,2626.0,20237.6,8086.0,3572.2,1625.0,1542.4,2855.4,2696.4,20375.6
Nov-2010,8288.1,3831.0,1656.3,1705.5,2998.3,2684.4,21163.7,8114.3,3596.6,1614.5,1555.3,2847.6,2643.9,20372.2,8122.1,3574.8,1613.3,1538.0,2859.3,2673.5,20379.9
Dec-2010,9491.8,4839.5,2546.8,2752.4,3947.6,3021.1,26599.2,8122.1,3644.2,1624.5,1516.9,2858.3,2679.2,20445.1,8168.6,3569.9,1605.9,1536.6,2865.6,2654.7,20405.0
Jan-2011,8403.6,3458.3,1499.0,1412.6,2692.0,2598.2,20063.7,8271.7,3500.5,1575.1,1545.0,2896.5,2645.7,20434.4,8213.4,3571.7,1605.2,1537.0,2876.8,2645.2,20450.9
Feb-2011,7649.6,3065.6,1291.8,1117.5,2563.6,2391.3,18079.3,8298.2,3571.7,1622.9,1563.1,2911.4,2668.9,20636.2,8251.1,3567.7,1609.8,1536.8,2894.7,2643.6,20506.1
Mar-2011,8285.0,3365.1,1478.2,1321.6,2835.0,2648.9,19933.8,8258.6,3564.4,1615.3,1505.3,2924.9,2645.3,20513.9,8280.3,3567.0,1614.0,1534.5,2918.7,2644.7,20560.1
Apr-2011,8211.3,3253.1,1549.9,1472.6,2747.2,2598.9,19833.0,8293.1,3614.9,1643.0,1573.8,2962.2,2649.4,20736.4,8306.6,3568.1,1612.3,1529.5,2945.7,2646.6,20608.8
May-2011,8059.0,3391.7,1626.1,1408.9,2798.4,2604.1,19888.1,8312.3,3593.0,1614.8,1526.0,2953.9,2651.0,20651.2,8332.4,3572.0,1602.6,1521.7,2974.5,2651.9,20656.6
Jun-2011,7878.3,3531.3,1545.9,1471.9,2791.4,2519.5,19738.3,8334.9,3565.3,1588.9,1471.9,2982.4,2648.5,20591.9,8362.4,3582.8,1587.5,1512.1,3001.0,2665.2,20711.2
Jul-2011,8315.2,3463.3,1456.2,1532.5,2950.6,2701.9,20419.6,8428.8,3538.8,1553.1,1519.1,3056.7,2678.4,20774.9,8397.1,3597.6,1571.1,1502.2,3022.1,2682.5,20773.2
Aug-2011,8360.3,3578.6,1420.7,1293.5,2995.6,2739.6,20388.3,8461.4,3627.3,1548.6,1500.9,3048.7,2707.8,20894.7,8430.9,3619.7,1560.5,1494.3,3035.6,2699.5,20839.0
Sep-2011,8274.2,3613.9,1500.0,1345.7,2997.8,2744.3,20475.9,8439.1,3648.5,1551.2,1487.9,3038.6,2724.7,20890.0,8454.0,3641.0,1560.3,1489.3,3041.7,2713.5,20898.6
Oct-2011,8606.3,3769.0,1566.6,1404.7,3022.4,2814.4,21183.4,8452.5,3678.0,1574.9,1477.2,3042.7,2741.8,20967.1,8466.7,3650.3,1569.3,1488.7,3044.2,2723.6,20945.5
Nov-2011,8569.9,3920.7,1612.0,1660.0,3317.5,2784.2,21864.2,8508.5,3673.0,1579.2,1493.6,3016.2,2732.7,21003.2,8475.4,3650.7,1583.1,1491.7,3046.5,2731.3,20977.8
Dec-2011,9936.0,4867.7,2577.1,2730.5,4267.6,3046.6,27425.4,8479.2,3668.0,1615.2,1500.3,3075.6,2705.0,21043.2,8484.9,3632.9,1596.3,1494.6,3051.3,2740.0,20998.7
Jan-2012,8534.8,3540.6,1536.3,1362.4,2826.0,2729.5,20529.6,8475.1,3559.9,1622.3,1496.0,3045.8,2763.3,20962.3,8501.0,3607.1,1607.7,1502.5,3062.6,2754.2,21034.7
Feb-2012,8119.1,3144.9,1308.8,1131.7,2810.8,2556.0,19071.2,8512.6,3551.0,1593.0,1520.0,3079.9,2770.5,21027.0,8529.5,3585.3,1618.8,1514.4,3079.0,2777.7,21105.3
Mar-2012,8736.6,3396.4,1511.5,1349.2,3035.1,2839.3,20868.1,8584.5,3591.2,1631.4,1523.8,3101.9,2813.2,21245.9,8566.9,3577.6,1631.6,1526.1,3095.1,2809.0,21207.8
Apr-2012,8399.2,3180.4,1517.7,1391.2,2803.0,2737.4,20028.9,8610.9,3582.9,1636.0,1512.8,3100.6,2831.4,21274.5,8610.7,3589.3,1645.5,1534.8,3107.6,2842.9,21329.8
May-2012,8450.7,3435.8,1695.7,1456.9,2997.2,2836.7,20873.1,8640.8,3619.5,1656.0,1546.0,3112.8,2876.2,21451.4,8658.0,3609.7,1658.0,1539.2,3114.4,2873.0,21453.1
Jun-2012,8269.7,3579.5,1647.6,1616.4,2980.1,2784.8,20878.1,8734.0,3608.0,1691.9,1620.4,3152.9,2911.1,21718.2,8704.9,3635.5,1665.3,1538.6,3115.2,2894.2,21553.7
Jul-2012,8500.4,3601.1,1546.9,1423.4,2960.6,2932.2,20964.6,8749.8,3682.3,1674.8,1450.9,3093.8,2922.4,21574.0,8746.5,3651.2,1665.4,1534.4,3110.9,2905.0,21613.8
Aug-2012,8787.9,3627.1,1531.4,1359.0,3083.9,2962.7,21352.0,8758.5,3658.5,1657.3,1542.7,3083.5,2894.5,21594.9,8781.1,3655.3,1658.4,1527.1,3102.5,2905.4,21629.1
Sep-2012,8582.8,3639.0,1565.6,1367.8,2999.1,2885.9,21040.2,8813.5,3700.8,1637.1,1522.8,3110.0,2897.2,21681.5,8809.5,3650.3,1650.9,1520.0,3094.8,2897.8,21622.6
Oct-2012,8982.0,3725.3,1619.9,1442.6,3113.9,2966.7,21850.4,8874.2,3617.8,1637.8,1518.9,3086.2,2887.1,21622.1,8835.6,3643.2,1647.2,1516.7,3090.1,2888.1,21620.4
Nov-2012,9048.5,3851.4,1682.8,1672.9,3451.5,2973.1,22680.2,8855.7,3582.6,1635.7,1516.4,3092.5,2883.2,21566.1,8862.6,3638.9,1647.5,1518.0,3089.3,2881.5,21638.8
Dec-2012,10262.1,4760.2,2615.7,2753.3,4107.5,3177.5,27676.4,8841.2,3636.7,1659.0,1523.8,3076.7,2869.9,21607.3,8893.6,3643.8,1650.9,1521.6,3094.5,2881.0,21685.9
Jan-2013,9067.6,3669.1,1613.2,1397.4,2913.7,2849.6,21510.6,8927.5,3668.1,1664.8,1493.8,3107.6,2870.1,21731.9,8927.1,3653.3,1654.7,1526.4,3104.6,2887.1,21752.0
Feb-2013,8264.8,3201.1,1348.1,1113.6,2764.4,2607.7,19299.8,8974.7,3708.4,1697.4,1567.0,3129.4,2916.3,21993.1,8957.9,3659.2,1656.9,1528.2,3116.9,2898.3,21819.4
Mar-2013,9272.0,3393.1,1448.8,1397.3,2975.3,2924.0,21410.5,9025.5,3668.2,1610.8,1529.8,3106.4,2918.0,21858.8,8987.2,3668.0,1658.6,1526.5,3127.3,2912.4,21879.4
Apr-2013,8614.9,3320.2,1578.0,1339.1,2895.3,2853.5,20601.1,9014.3,3651.9,1661.5,1502.7,3138.7,2920.5,21889.6,9013.6,3674.1,1663.3,1519.6,3131.7,2926.6,21928.0
May-2013,8876.5,3456.3,1718.0,1441.9,3086.8,2901.5,21481.0,9006.0,3668.2,1680.9,1523.6,3180.4,2938.8,21998.0,9038.1,3678.8,1673.9,1511.0,3128.6,2939.1,21969.0
Jun-2013,8516.9,3602.2,1641.1,1537.4,2873.9,2813.0,20984.5,9039.8,3646.1,1690.0,1540.9,3108.0,2972.0,21996.8,9059.9,3686.3,1693.6,1504.5,3124.6,2951.5,22019.4
Jul-2013,8855.8,3642.3,1592.9,1390.6,3024.2,2968.4,21474.2,9100.8,3734.0,1713.6,1418.6,3118.0,2959.6,22044.6,9081.5,3693.7,1720.9,1502.2,3127.0,2967.5,22093.5
Aug-2013,9188.1,3726.1,1618.4,1337.2,3089.2,3065.1,22024.0,9124.1,3749.3,1744.8,1514.3,3086.8,2984.7,22204.0,9107.7,3705.3,1749.2,1505.5,3139.5,2992.5,22197.9
Sep-2013,8839.1,3624.9,1676.6,1359.4,3063.1,2988.7,21551.9,9140.5,3707.6,1780.3,1553.7,3168.5,3000.3,22350.8,9136.4,3714.0,1772.5,1513.3,3162.4,3027.7,22327.7
Oct-2013,9338.4,3844.8,1791.4,1463.3,3240.5,3175.4,22853.7,9157.0,3686.9,1791.4,1519.6,3199.4,3075.4,22429.6,9166.7,3730.6,1787.2,1519.5,3192.0,3070.9,22469.0
Nov-2013,9345.9,3997.8,1879.7,1668.9,3668.3,3210.8,23771.3,9152.1,3733.3,1833.3,1509.5,3274.9,3125.6,22628.8,9195.3,3750.5,1794.3,1522.0,3222.9,3118.6,22613.8
Dec-2013,10856.4,4963.8,2761.9,2725.5,4293.3,3536.8,29137.6,9414.0,3785.2,1762.1,1519.2,3224.7,3172.7,22877.9,9394.2,3783.5,1792.9,1520.4,3247.1,3165.4,22895.1
Jan-2014,9701.6,3810.6,1718.2,1451.0,3070.1,3209.1,22960.6,9486.5,3825.9,1769.0,1532.4,3240.5,3219.9,23074.3,9418.4,3817.9,1784.8,1514.2,3260.8,3204.3,22995.9
Feb-2014,8667.9,3362.4,1416.4,1064.9,2903.6,2879.9,20295.0,9418.1,3875.7,1791.1,1504.5,3292.1,3218.2,23099.8,9440.8,3848.3,1773.3,1507.5,3265.6,3231.4,23065.8
Mar-2014,9524.6,3627.0,1609.5,1293.2,3099.9,3232.0,22386.2,9457.3,3889.6,1767.7,1468.5,3260.2,3260.4,23103.7,9463.1,3870.6,1761.6,1504.2,3266.0,3247.8,23113.3
Apr-2014,9223.9,3460.9,1656.5,1442.9,3009.6,3182.1,21975.8,9469.3,3870.0,1753.6,1535.3,3274.2,3263.1,23165.7,9488.9,3880.9,1752.4,1502.1,3266.9,3258.3,23152.2
May-2014,9386.0,3653.0,1780.5,1411.8,3160.5,3228.3,22620.1,9496.9,3858.8,1733.2,1496.2,3257.6,3264.0,23106.6,9520.5,3891.9,1748.1,1500.7,3271.9,3266.9,23199.8
Jun-2014,8977.5,3844.1,1680.8,1461.6,3029.7,3067.5,22061.3,9588.7,3897.7,1745.5,1486.1,3272.4,3248.1,23238.5,9558.8,3901.4,1748.8,1501.1,3280.7,3275.6,23266.1
Jul-2014,9393.3,3878.1,1649.0,1501.6,3179.3,3315.8,22917.2,9606.1,3940.0,1747.0,1530.6,3276.5,3294.4,23394.7,9601.8,3912.8,1754.3,1503.1,3290.3,3284.2,23347.7
Aug-2014,9582.4,3846.1,1604.1,1254.2,3260.7,3350.7,22898.2,9636.6,3934.4,1772.3,1478.2,3319.6,3297.2,23438.3,9640.7,3924.8,1765.5,1507.0,3298.3,3292.7,23431.8
Sep-2014,9353.8,4033.2,1691.2,1356.4,3262.1,3360.4,23057.2,9673.5,4074.0,1787.9,1519.8,3313.9,3327.7,23696.8,9671.2,4099.1,1779.0,1511.4,3303.8,3303.1,23664.0
Oct-2014,9964.4,4278.7,1791.5,1478.7,3417.8,3401.6,24332.7,9693.9,4116.1,1798.8,1515.9,3344.6,3290.3,23759.6,9695.2,4111.4,1792.3,1516.7,3308.2,3315.4,23737.6
Nov-2014,9911.1,4421.3,1821.0,1687.7,3577.5,3374.9,24793.5,9734.6,4143.3,1786.8,1527.0,3261.4,3320.2,23773.4,9714.4,4125.3,1805.3,1522.5,3315.0,3328.4,23810.8
Dec-2014,11271.6,5357.5,2907.0,2756.9,4440.3,3692.7,30425.9,9736.4,4113.9,1831.4,1524.0,3306.5,3326.5,23838.8,9733.0,4141.3,1820.1,1526.4,3324.3,3340.7,23886.2
Jan-2015,9955.4,4157.9,1796.2,1471.2,3152.6,3391.3,23924.6,9703.8,4144.9,1828.8,1547.2,3331.9,3382.3,23938.9,9754.4,4161.0,1835.5,1527.9,3337.1,3352.0,23968.4
Feb-2015,9020.0,3682.4,1456.2,1053.8,2999.9,3027.5,21239.9,9805.3,4234.1,1837.3,1493.9,3400.4,3384.9,24155.9,9778.6,4183.3,1849.7,1526.8,3351.6,3363.2,24053.4
Mar-2015,9926.5,3983.5,1702.0,1367.2,3243.1,3361.9,23584.2,9808.6,4194.4,1876.6,1555.3,3375.3,3339.8,24150.1,9806.0,4205.8,1861.0,1526.0,3365.3,3373.1,24137.2
Apr-2015,9538.0,3713.9,1793.4,1442.2,3058.8,3266.5,22812.9,9819.8,4200.3,1884.0,1523.7,3361.6,3385.4,24174.9,9833.8,4228.0,1868.3,1528.2,3377.8,3382.3,24218.3
May-2015,9707.1,3976.9,1891.2,1428.7,3214.7,3314.0,23532.6,9878.0,4244.2,1880.1,1522.1,3358.9,3372.9,24256.1,9860.0,4249.2,1871.9,1533.7,3391.5,3390.3,24296.7
Jun-2015,9217.8,4319.2,1774.7,1480.9,3243.5,3257.5,23293.5,9897.7,4315.9,1833.9,1520.6,3435.5,3418.8,24422.4,9883.4,4269.8,1873.8,1542.8,3409.5,3398.2,24377.5
Jul-2015,9718.0,4186.1,1788.5,1540.9,3337.2,3445.3,24015.9,9883.3,4273.5,1891.8,1575.0,3403.6,3418.0,24445.1,9906.3,4291.1,1875.9,1554.1,3432.4,3405.4,24465.1
Aug-2015,9834.8,4159.8,1697.1,1331.9,3379.5,3421.1,23824.2,9937.6,4296.3,1881.7,1587.9,3465.4,3401.3,24570.2,9932.0,4314.3,1879.0,1565.8,3456.0,3411.2,24558.2
Sep-2015,9645.8,4273.9,1790.1,1400.1,3454.5,3444.4,24008.9,9935.6,4335.9,1888.8,1545.6,3508.2,3419.4,24633.4,9960.3,4337.1,1885.0,1576.4,3476.7,3414.6,24650.1
Oct-2015,10319.2,4567.9,1888.5,1566.3,3579.5,3525.8,25447.3,10003.9,4358.4,1891.7,1598.3,3497.6,3395.3,24745.2,9988.7,4357.8,1894.4,1585.4,3492.1,3416.9,24735.2
Nov-2015,10128.5,4692.8,1915.6,1730.5,3824.9,3491.3,25783.5,10014.4,4402.2,1902.5,1590.0,3491.1,3437.0,24837.1,10014.3,4378.9,1907.2,1590.6,3503.7,3421.1,24815.8
Dec-2015,11731.2,5735.9,3079.9,2913.6,4642.5,3819.9,31923.0,10067.1,4385.9,1911.5,1589.9,3483.0,3430.7,24868.0,10035.3,4398.9,1921.6,1592.8,3515.4,3427.8,24891.8
Jan-2016,10244.9,4376.7,1875.7,1519.2,3304.9,3431.8,24753.1,10031.6,4402.5,1936.2,1598.7,3547.8,3437.0,24953.9,10050.2,4413.3,1936.0,1593.8,3530.0,3437.4,24960.6
Feb-2016,9556.9,3979.6,1598.7,1155.8,3257.0,3186.9,22734.9,10047.6,4412.2,1963.2,1596.9,3559.9,3440.2,25020.0,10059.1,4417.7,1949.7,1592.9,3547.7,3448.0,25015.1
Mar-2016,10354.0,4097.4,1780.6,1451.5,3398.6,3435.2,24517.3,10088.1,4440.1,1970.1,1581.0,3554.8,3458.2,25092.3,10066.2,4410.4,1960.9,1588.4,3567.3,3460.5,25053.6
Apr-2016,9727.9,4064.9,1924.6,1451.0,3355.8,3451.7,23975.9,10056.9,4430.7,1978.2,1577.7,3577.1,3490.1,25110.8,10076.1,4394.2,1970.2,1581.1,3584.3,3477.5,25083.3
May-2016,9815.2,4092.5,1926.7,1449.7,3428.5,3431.0,24143.5,10114.3,4353.6,1938.0,1578.5,3615.5,3498.7,25098.5,10093.1,4377.6,1977.5,1572.6,3596.3,3501.4,25118.4
Jun-2016,9516.5,4357.3,1967.1,1596.1,3414.4,3313.9,24165.3,10094.2,4363.4,1995.7,1584.7,3609.2,3510.1,25157.3,10117.7,4373.5,1982.7,1562.9,3604.7,3531.4,25173.0
Jul-2016,9928.5,4225.1,1876.1,1468.3,3492.7,3573.0,24563.7,10125.7,4339.3,2001.4,1521.4,3610.5,3547.2,25145.5,10150.2,4386.5,1987.8,1553.9,3611.7,3562.0,25252.1
Aug-2016,10041.9,4239.4,1806.3,1293.9,3562.3,3647.5,24591.3,10216.6,4371.6,2002.2,1552.7,3595.4,3610.3,25348.8,10188.5,4414.6,1995.2,1546.4,3618.5,3588.7,25352.0
Sep-2016,10005.7,4469.0,1896.8,1393.5,3602.3,3696.3,25063.6,10236.0,4493.5,1994.6,1546.5,3631.9,3635.7,25538.2,10232.6,4449.0,2004.1,1541.4,3624.0,3608.7,25459.8
Oct-2016,10482.6,4696.8,1937.8,1497.4,3643.2,3716.6,25974.6,10266.2,4531.6,1985.2,1535.1,3636.6,3630.2,25584.9,10275.8,4477.4,2011.8,1538.4,3628.6,3620.4,25552.3
Nov-2016,10435.7,4874.4,2057.1,1684.3,4051.1,3678.5,26781.1,10308.2,4531.2,2017.9,1539.0,3641.8,3603.7,25641.8,10313.5,4489.2,2015.2,1537.8,3633.4,3624.6,25613.8
Dec-2016,12230.1,5782.3,3330.5,2850.4,4859.6,4047.3,33100.2,10366.3,4419.1,2051.7,1544.4,3636.1,3607.8,25625.3,10345.6,4484.9,2013.8,1539.9,3639.5,3624.8,25648.5
Jan-2017,10431.5,4463.5,1939.7,1428.5,3421.5,3621.4,25306.2,10376.1,4486.4,2026.2,1536.1,3642.7,3638.5,25706.0,10372.4,4477.1,2009.2,1545.0,3647.2,3627.0,25677.8
Feb-2017,9574.6,3897.6,1558.9,1092.4,3230.8,3260.6,22615.0,10412.1,4472.3,1976.7,1552.7,3641.8,3644.7,25700.3,10398.1,4478.6,2003.3,1551.7,3658.1,3635.9,25725.7
Mar-2017,10510.3,4196.9,1826.7,1370.3,3590.4,3619.0,25113.5,10357.7,4460.6,1981.4,1538.5,3679.1,3625.3,25642.6,10422.2,4494.6,1999.4,1557.5,3675.2,3650.5,25799.3
Apr-2017,10274.1,3994.9,1885.8,1522.6,3338.8,3567.0,24583.1,10476.1,4488.4,1987.8,1586.3,3700.4,3666.5,25905.5,10442.5,4517.7,1999.6,1558.9,3696.9,3664.6,25880.2
May-2017,10189.7,4291.0,2024.2,1452.4,3577.3,3598.6,25133.2,10481.6,4575.5,2016.1,1570.0,3716.3,3683.5,26043.0,10460.3,4533.2,2004.2,1556.5,3716.6,3675.2,25946.0
Jun-2017,9857.6,4659.4,1988.3,1557.2,3560.8,3544.2,25167.5,10467.7,4606.9,2025.2,1562.4,3720.8,3702.8,26085.8,10477.1,4531.8,2011.1,1552.7,3729.4,3682.4,25984.4
Jul-2017,10272.8,4365.1,1896.4,1445.5,3600.7,3698.1,25278.6,10514.7,4510.4,2023.5,1513.0,3760.7,3703.3,26025.6,10493.2,4516.3,2015.2,1549.9,3734.1,3688.3,25997.1
Aug-2017,10363.7,4347.3,1839.3,1303.1,3710.9,3711.2,25275.4,10456.9,4457.5,2012.3,1533.6,3764.9,3655.6,25880.7,10509.3,4493.0,2015.8,1550.0,3733.1,3694.0,25995.1
Sep-2017,10307.9,4384.6,1891.6,1407.2,3627.8,3729.7,25348.7,10535.0,4439.3,1997.8,1569.9,3692.3,3680.4,25914.7,10527.0,4467.5,2015.0,1553.1,3728.3,3700.8,25991.7
Oct-2017,10710.9,4639.0,1948.2,1518.3,3709.6,3871.1,26397.1,10569.0,4443.2,2017.2,1577.8,3702.3,3742.4,26051.8,10538.8,4438.6,2013.1,1555.9,3720.6,3706.1,25972.7